{
    "paper_id": "4d7179a1b6029c827fb7d96f1be4f52b3763379c",
    "metadata": {
        "title": "A Critic Evaluation of Methods for COVID-19 Automatic Detection from X-Ray Images",
        "authors": [
            {
                "first": "Gianluca",
                "middle": [],
                "last": "Maguolo",
                "suffix": "",
                "affiliation": {
                    "laboratory": "",
                    "institution": "University of Padua",
                    "location": {
                        "addrLine": "viale Gradenigo 6",
                        "settlement": "Padua",
                        "country": "Italy"
                    }
                },
                "email": "gianluca.maguolo@phd.unipd.it"
            },
            {
                "first": "Loris",
                "middle": [],
                "last": "Nanni",
                "suffix": "",
                "affiliation": {
                    "laboratory": "",
                    "institution": "University of Padua",
                    "location": {
                        "addrLine": "viale Gradenigo 6",
                        "settlement": "Padua",
                        "country": "Italy"
                    }
                },
                "email": ""
            }
        ]
    },
    "abstract": [
        {
            "text": "In this paper, we compare and evaluate different testing protocols used for automatic COVID-19 diagnosis from X-Ray images. We show that similar results can be obtained using X-Ray images that do not contain most of the lungs. We are able to remove them from the images by turning to black the center of the scan. Hence, we deduce that several testing protocols for the recognition are not fair and that the neural networks are learning patterns in the images that are not correlated to the presence of COVID-19. We propose a new testing protocol that consists in using different datasets for training and testing, and we provide a method to measure how fair is a specific testing protocol. We suggest to follow the proposed protocol in the future research, and provide tools to better interpret the results of a classifier.",
            "cite_spans": [],
            "ref_spans": [],
            "section": "Abstract"
        }
    ],
    "body_text": [
        {
            "text": "COVID-19 is a new coronavirus that spread in China and then in the rest of the world in 2020 and became a serious health problem worldwide [1] [2] [3] . This virus infects the lungs and causes potentially deadly respiratory syndromes [4] . According to the latest data, the number of confirmed cases worldwide reached 2,918,934, of which 203,139 died [5] . The diagnosis of COVID-19 is usually performed by Real Time Polymerase Chain Reaction (RT-PCR) [6] . Recently, many researchers attempted to automatically diagnose COVID-19 using x-ray images [7] . Chest x-ray image classification is not a new problem in artificial intelligence. Convolutional neural networks have already reached very high performances in the diagnosis of lung diseases [8] . The recent publication of new small dataset of COVID-19 x-ray and CT images encouraged many researchers to apply the same techniques using these new data [9] [10] [11] [12] . Medical research already showed that pneumonia caused by COVID-19 seems to be different from a radiologist perspective [13] . Most of the papers dealing with COVID-19 classification report very high performances in this task. However, Cohen et al. [14] experimented the limits of the generalization of x-ray images classification, due to the fact that the network might learn features that are specific of the dataset more than the ones that are specific of the disease.",
            "cite_spans": [
                {
                    "start": 139,
                    "end": 142,
                    "text": "[1]",
                    "ref_id": "BIBREF0"
                },
                {
                    "start": 143,
                    "end": 146,
                    "text": "[2]",
                    "ref_id": "BIBREF1"
                },
                {
                    "start": 147,
                    "end": 150,
                    "text": "[3]",
                    "ref_id": "BIBREF2"
                },
                {
                    "start": 234,
                    "end": 237,
                    "text": "[4]",
                    "ref_id": "BIBREF3"
                },
                {
                    "start": 351,
                    "end": 354,
                    "text": "[5]",
                    "ref_id": null
                },
                {
                    "start": 452,
                    "end": 455,
                    "text": "[6]",
                    "ref_id": "BIBREF4"
                },
                {
                    "start": 549,
                    "end": 552,
                    "text": "[7]",
                    "ref_id": "BIBREF5"
                },
                {
                    "start": 745,
                    "end": 748,
                    "text": "[8]",
                    "ref_id": "BIBREF6"
                },
                {
                    "start": 905,
                    "end": 908,
                    "text": "[9]",
                    "ref_id": "BIBREF7"
                },
                {
                    "start": 909,
                    "end": 913,
                    "text": "[10]",
                    "ref_id": "BIBREF8"
                },
                {
                    "start": 914,
                    "end": 918,
                    "text": "[11]",
                    "ref_id": "BIBREF9"
                },
                {
                    "start": 919,
                    "end": 923,
                    "text": "[12]",
                    "ref_id": "BIBREF10"
                },
                {
                    "start": 1045,
                    "end": 1049,
                    "text": "[13]",
                    "ref_id": "BIBREF11"
                },
                {
                    "start": 1174,
                    "end": 1178,
                    "text": "[14]",
                    "ref_id": "BIBREF12"
                }
            ],
            "ref_spans": [],
            "section": "Introduction"
        },
        {
            "text": "In this paper, we test if this is the case for most of the testing protocols used for COVID-19 classification at the moment. We downloaded four chest x-ray datasets and ran multiple tests to see whether a neural network could predict the source dataset of an image. This would be a serious problem in this case, since all COVID-19 samples come from only one dataset in most papers, hence a classifier trained to distinguish COVID-19 might actually have learnt to classify the source dataset. In order to do this, we trained AlexNet [15] to detect the source dataset of an image whose center was turned to black. In this way, we delete the lungs from the image, or at least most of the lungs, hence it is impossible for the network to learn anything on the disease detection task. We find that, if the training and the test set contain images that come from the same dataset, AlexNet can distinguish them with a confidence that is much higher than the one reported in tasks like pneumonia detection. Hence, if one does not pay enough attention to the testing protocol, the reported results might be very misleading.",
            "cite_spans": [
                {
                    "start": 532,
                    "end": 536,
                    "text": "[15]",
                    "ref_id": "BIBREF13"
                }
            ],
            "ref_spans": [],
            "section": "Introduction"
        },
        {
            "text": "To sum up, we show that every result dealing with the COVID-19 dataset in [16] should also contain a baseline model that detect the source dataset, to understand the amount of information that actually come from the lungs area. Besides, we propose a testing protocol which seems quite fair. Our consideration actually do not only apply to this particular case. One must always be careful at merging more dataset and using different labels for each one of those datasets.",
            "cite_spans": [
                {
                    "start": 74,
                    "end": 78,
                    "text": "[16]",
                    "ref_id": "BIBREF14"
                }
            ],
            "ref_spans": [],
            "section": "Introduction"
        },
        {
            "text": "The structure of the paper is the following: first of all, we summarize some of the papers dealing with COVID-19 classification. After that, we describe the datasets that we use in our experiments and explain the details of our testing protocols. Finally, we run the experiments and show which testing protocols are the most suitable for COVID-19 classification.",
            "cite_spans": [],
            "ref_spans": [],
            "section": "Introduction"
        },
        {
            "text": "Chest x-ray classification is not new in deep learning. Many datasets have been released [8, 17] and neural networks trained on those dataset report high performances. As an example, Pranav et al. [8] report a 0.76 ROC-AUC for the pneumonia vs. healthy classification task on [17] .",
            "cite_spans": [
                {
                    "start": 89,
                    "end": 92,
                    "text": "[8,",
                    "ref_id": "BIBREF6"
                },
                {
                    "start": 93,
                    "end": 96,
                    "text": "17]",
                    "ref_id": "BIBREF15"
                },
                {
                    "start": 197,
                    "end": 200,
                    "text": "[8]",
                    "ref_id": "BIBREF6"
                },
                {
                    "start": 276,
                    "end": 280,
                    "text": "[17]",
                    "ref_id": "BIBREF15"
                }
            ],
            "ref_spans": [],
            "section": "Related Work"
        },
        {
            "text": "We are not the first to report potential biases in chest x-ray image classification. Recently, Cohen et al. [14] expressed some concerns on the real world applications of the automatic classification of x-ray images. They tried to train Densenet [18] on different chest x-ray datasets, which we call A, B, C and D, and showed that when the network was trained on the training set of A e test on the test set of A, its performance was consistently higher than when the training was on the datasets B, C and D a the test was on A. It is worth mentioning that all the datasets had the same set of labels.",
            "cite_spans": [
                {
                    "start": 108,
                    "end": 112,
                    "text": "[14]",
                    "ref_id": "BIBREF12"
                },
                {
                    "start": 246,
                    "end": 250,
                    "text": "[18]",
                    "ref_id": "BIBREF16"
                }
            ],
            "ref_spans": [],
            "section": "Related Work"
        },
        {
            "text": "Since the publication of the COVID-19 dataset [16] by Cohen et al., many researchers tried to classify those images and created a test by merging this dataset with other chest x-ray image datasets. We shall now describe some of them and report their testing protocols.",
            "cite_spans": [
                {
                    "start": 46,
                    "end": 50,
                    "text": "[16]",
                    "ref_id": "BIBREF14"
                }
            ],
            "ref_spans": [],
            "section": "Related Work"
        },
        {
            "text": "Narin et al. [10] created a small dataset with 50 COVID-19 cases coming from Cohen repository and 50 heathy cases coming from Kaggle (https://www.kaggle.com/paultimothymooney/chest-xray-pneumonia). They used a 5 fold cross validation to train and test ResNet-50 [19] and obtained an accuracy of 98%. Apostolopoulos et al. [12] combined Cohen repository and many other sources to create a larger dataset containing 224 images of COVID-19, 700 of pneumonia and 504 negative. They tested VGG [20] on these data using 10 fold cross validation and obtained 93.48% accuracy, although on an unbalanced dataset. Wang et al. [21] trained Covid-Net, a new architecture introduced in their paper. They used a large dataset with 183 cases of COVID-19: 5,538 of Pneumonia and 8,066 are healthy subjects. They included several sources for their data. They extracted a test set with 100 images of pneumonia and of healthy lungs, and only 31 of COVID-19. In their code they explicitly mention that there is no patient overlap between the test and the training set, which is very important in problems like this. They reach a 92% accuracy. Hemdan et al. [22] trained Covidx-Net, a VGG19 [20] network on a dataset made by 50 images, half of which came from the Cohen repository. Their testing protocol was 5 fold cross validation. Pereira et al. [9] trained their model on a dataset created by merging different datasets. From every dataset, they only extracted images belonging to specific classes (one source dataset for COVID-19, one for healthy lungs, one for pneumonia,\u2026). In their work they introduced the idea of a hierarchical classification and reached a 0.89 F1-Score.",
            "cite_spans": [
                {
                    "start": 13,
                    "end": 17,
                    "text": "[10]",
                    "ref_id": "BIBREF8"
                },
                {
                    "start": 262,
                    "end": 266,
                    "text": "[19]",
                    "ref_id": "BIBREF17"
                },
                {
                    "start": 322,
                    "end": 326,
                    "text": "[12]",
                    "ref_id": "BIBREF10"
                },
                {
                    "start": 489,
                    "end": 493,
                    "text": "[20]",
                    "ref_id": "BIBREF18"
                },
                {
                    "start": 616,
                    "end": 620,
                    "text": "[21]",
                    "ref_id": "BIBREF19"
                },
                {
                    "start": 1137,
                    "end": 1141,
                    "text": "[22]",
                    "ref_id": "BIBREF20"
                },
                {
                    "start": 1170,
                    "end": 1174,
                    "text": "[20]",
                    "ref_id": "BIBREF18"
                },
                {
                    "start": 1328,
                    "end": 1331,
                    "text": "[9]",
                    "ref_id": "BIBREF7"
                }
            ],
            "ref_spans": [],
            "section": "Related Work"
        },
        {
            "text": "Karim et al. [22] proposed a method to classify COVID-19 based on an explainable neural network. They used an enlarged version of the dataset used in [21] , but they also add new images due to the fact that in the original dataset the healthy samples were pediatric scans. This might have led the network in [21] to learn how to classify the age of a patient more than its health status, and highlights once again the need for a fair testing protocol. An interesting protocol was tested in [23] , where the authors managed to collect COVID-19 images that did not belong to the Cohen repository and used them as the test set.",
            "cite_spans": [
                {
                    "start": 13,
                    "end": 17,
                    "text": "[22]",
                    "ref_id": "BIBREF20"
                },
                {
                    "start": 150,
                    "end": 154,
                    "text": "[21]",
                    "ref_id": "BIBREF19"
                },
                {
                    "start": 308,
                    "end": 312,
                    "text": "[21]",
                    "ref_id": "BIBREF19"
                },
                {
                    "start": 490,
                    "end": 494,
                    "text": "[23]",
                    "ref_id": "BIBREF21"
                }
            ],
            "ref_spans": [],
            "section": "Related Work"
        },
        {
            "text": "Castiglioni et al. [24] proposed a completely different protocol using a dataset that they collected and that is not public. They used 250 COVID-19 and 250 healthy images for training, and used an independent test set of 74 positive and 36 negative samples. They trained an ensemble of 10 ResNets and achieved a ROC-AUC of 0.80 for the classification task. Its performance is much worse than the other ones reported in the literature, however, they used both anteroposterior and posteroanterior projections and they do not suffer of the dataset recognition problem that we highlight in this paper.",
            "cite_spans": [
                {
                    "start": 19,
                    "end": 23,
                    "text": "[24]",
                    "ref_id": "BIBREF22"
                }
            ],
            "ref_spans": [],
            "section": "Related Work"
        },
        {
            "text": "In this paper we used four different datasets which are publicly available online. We shall now describe them.",
            "cite_spans": [],
            "ref_spans": [],
            "section": "Datasets"
        },
        {
            "text": "The Chestx-ray8 dataset [17] was released by the National Institute of Health and is one of the largest public labelled datasets in this field, which contains 108,948 images of 32,717 different patients, classified into 8 different categories, potentially overlapping. It was labelled using natural language processing techniques on the radiologists annotations. We refer to this dataset as NIH. We plot some samples in Figure 1 . [25] , a large dataset containing 224,316 chest radiographs of 65,240 patients divided into 14 classes. The strength of this new dataset is that the labelling tool based on natural language processing obtains higher performances than the one in Chestx-ray8. However, its test set is not publicly available, hence we use the validation set instead. For our purposes, this makes no difference, since we are not comparing our work to any previous papers. We refer to this dataset as CHE. We show some of the scans in Figure 2 . Our source of COVID-19 images is the repository made available by Cohen et al. [16] , which is the main source of most papers dealing with COVID-19. In the moment we are writing, it contains 144 images of frontal x-ray images of patients potentially positive to COVID-19. Metadata are available for every sample, containing the patient ID and, most of the times, the location and other notes that contain the reference to the doctor that uploaded the images. We refer to this dataset as COV. Some of the samples are in Figure 4 . ",
            "cite_spans": [
                {
                    "start": 24,
                    "end": 28,
                    "text": "[17]",
                    "ref_id": "BIBREF15"
                },
                {
                    "start": 431,
                    "end": 435,
                    "text": "[25]",
                    "ref_id": "BIBREF23"
                },
                {
                    "start": 1035,
                    "end": 1039,
                    "text": "[16]",
                    "ref_id": "BIBREF14"
                }
            ],
            "ref_spans": [
                {
                    "start": 420,
                    "end": 428,
                    "text": "Figure 1",
                    "ref_id": "FIGREF0"
                },
                {
                    "start": 945,
                    "end": 953,
                    "text": "Figure 2",
                    "ref_id": "FIGREF1"
                },
                {
                    "start": 1475,
                    "end": 1483,
                    "text": "Figure 4",
                    "ref_id": "FIGREF3"
                }
            ],
            "section": "Datasets"
        },
        {
            "text": "We made two different experiments. In both cases our training and test sets consist in combinations of the four datasets that we introduced in the previous section. The images were preprocessed by resizing them so that their smallest dimension was equal to 360, then a square of size 300 was turned to black in the center of the image. Scans were always resized to squares of size 227 to be fed into AlexNet. The original and the transformed samples can be seen in Figure 5 . It is clear that most of the lungs are hidden in our datasets, hence we can assume that we removed nearly all the information about the health status of the patient. We only considered the samples whose labels were Pneumonia, No Finding and COVID-19, except for the test set of Chexpert, since it was too small. As the test set of Chexpert, we use all the images belonging to all the classes in the validation set. Since we wanted to detect the dataset and we removed the lungs from the images, we considered this a safe protocol. It is worth noticing that all datasets except COV have training data and test data, while COV does not have this distinction. Hence, we divided COV into 11 folds for cross validation. This number was not set in advance, but it was the result of the constraints that the folds must satisfy. We shall now describe those constraints. We randomly divided the COV dataset using two different protocols. The easiest one avoids patient overlap among folds. We refer to this protocol as PAT-OUT. The second one exploits the information in the metadata so that all the scans uploaded by the same doctor are in the same fold. We refer to this protocol as DOC-OUT. The information about the uploads is not complete and we cannot be 100% sure to do this. However, scans with no metadata about the location of the patient are in the same fold. However, most scans have metadata about the location and the doctor. We choose to do this to avoid that a network learns to recognize a specific hospital or X-Ray machine. Although this does not ensure the protocol to be unbiased, this is what this paper is about: stating that it is very hard to create a fair protocol in this field, and trying to propose the best one based on our experiments. In the DOC-OUT protocol we also required that every fold contained more than 10 samples, except for the last one. The minimum number of samples for the PAT-OUT protocol was set to 13 in order to obtain 11 folds as in the DOC-OUT protocol.",
            "cite_spans": [],
            "ref_spans": [
                {
                    "start": 465,
                    "end": 473,
                    "text": "Figure 5",
                    "ref_id": "FIGREF4"
                }
            ],
            "section": "Methods"
        },
        {
            "text": "In both experiments, we fine-tuned AlexNet with a learning rate of 0.0001, except for the last fully connected layer, whose learning rate was 0.0002. We trained the network for 12 epochs with a mini-batch size of 64. We apply standard data augmentation applying random vertical flipping, random translations in [\u22125, 5] and random rotations in [\u22125, 5]. Data augmentation was very important because there were not many samples in the COV dataset. We always train the networks using 10 folds of COV and subsets of NIH, CHE and KAG, since they are very large. In all the experiments, for every COV sample, there are two samples of the other training datasets.",
            "cite_spans": [],
            "ref_spans": [],
            "section": "Methods"
        },
        {
            "text": "In our first experiment, we merge the training sets of NIH, CHE and KAG and 10 folds of COV and train AlexNet to recognize the source dataset of the images. Hence, we have 4 different labels. The test set is made by the test sets of NIH, CHE and KAG and the remaining fold of COV. We test this protocol 11 times, one for every fold of COV. We then merge the results obtained by every fold. This means that every sample not belonging to COV is tested 11 times, making the test set even more unbalanced than it already was. This is why the only metric we could use to test our models was class vs. class ROC-AUC over all the predictions of the 11 networks, since it is indifferent, on average, to the multiplicity of a sample in the test set. We only use the DOC-OUT protocol in this experiment. We refer to this experiment as dataset recognition",
            "cite_spans": [],
            "ref_spans": [],
            "section": "Methods"
        },
        {
            "text": "In our second experiment, we implement a protocol which is similar to the one proposed by Cohen in [14] . We choose a dataset among NIH, CHE and KAG to be left out from the training set and to be used in the test set. Then, we train AlexNet on the training sets of two datasets among NIH, CHE and KAG and on 10 folds of COV, and we test it on the test set of the left-out dataset and on the remaining fold of COV. We repeat this for every fold of COV and using both PAT-OUT and DOC-OUT protocols. The labels of the samples are COV and non-COV. Again, we evaluated the ROC-AUC of the classification task, as we did for dataset recognition. We repeat this experiment three times, one for every choice of the left-out dataset. We refer to this experiment as COV recognition.",
            "cite_spans": [
                {
                    "start": 99,
                    "end": 103,
                    "text": "[14]",
                    "ref_id": "BIBREF12"
                }
            ],
            "ref_spans": [],
            "section": "Methods"
        },
        {
            "text": "In Table 1 we report the results of the dataset recognition. Since the dataset is highly unbalanced, we only evaluate the ROC-AUC of the binary classifications. The best outcome would be to get a 0.5 ROC-AUC, which would mean that the two dataset cannot be distinguished by our model. However, one can see that AlexNet is very capable of recognizing the dataset without using the lungs.",
            "cite_spans": [],
            "ref_spans": [
                {
                    "start": 3,
                    "end": 10,
                    "text": "Table 1",
                    "ref_id": null
                }
            ],
            "section": "Experiments"
        },
        {
            "text": "The lowest ROC-AUC value is reached for the COV vs. NIH classification, but it is still 0.92. This is not surprising if one looks at the Figures 1-4 . The samples in the different datasets seem to have very specific features. In particular, the images in the KAG dataset seem to have a strong contrast, which is probably recognized by the AlexNet even when the center of the images is set to black. Table 1 . ROC-AUC of dataset recognition",
            "cite_spans": [],
            "ref_spans": [
                {
                    "start": 137,
                    "end": 148,
                    "text": "Figures 1-4",
                    "ref_id": "FIGREF0"
                },
                {
                    "start": 399,
                    "end": 406,
                    "text": "Table 1",
                    "ref_id": null
                }
            ],
            "section": "Experiments"
        },
        {
            "text": "In Table 2 , we report the three ROC-AUCs of the COV recognition experiment. We can see that the values are much lower than the ones of the previous experiments. Besides, there is not much evidence that the DOC-OUT protocol performs better than the PAT-OUT protocol. It might seem unexpected that KAG vs. COV performs worse than random. Probably this is due to the fact that KAG is much different from NIH and CHE that were used as non COV samples in the training set. Since there are COV samples in the training set, we expect that the COV samples in the test set should be recognized with some level of precision by the network. However, if the overall performance was so low, this means either that the network did not learn to recognize the COV dataset very well, or that the KAG samples are so different from the ones in NIH and CHE that the performance on those samples was very low. Table 2 . ROC-AUCs performances of COVID dataset recognition The objective of this paper is suggesting a fair testing protocol for COVID-19 classification. Our experiments show that training and testing a neural network on different datasets, while adding COVID folds to both the training and the test set is not an unbiased protocol, but it works much better than using the same dataset both in the training and in the test set. We also show that training on KAG and NIH while testing on CHE gives a 0.68 ROC-AUC, which is nearly random. However, the best choice would be to use the NIH dataset as a test set, which has a 0.62 ROC-AUC in the COV recognition task. In general, our takehome message would be to always test how much a classifier is learning to recognize the source dataset. One way to test it would be to repeat our experiments, even for source datasets that are not the ones that we considered in this pilot study. To provide a good evaluation of the performance of a network, it could be useful to calculate both the ROC-AUCs of the actual classification and of the dataset classification task, and then see the difference between these two numbers.",
            "cite_spans": [],
            "ref_spans": [
                {
                    "start": 3,
                    "end": 10,
                    "text": "Table 2",
                    "ref_id": null
                },
                {
                    "start": 890,
                    "end": 897,
                    "text": "Table 2",
                    "ref_id": null
                }
            ],
            "section": "Experiments"
        },
        {
            "text": "Other datasets are available for chest x-ray recognition, hence one can apply our techniques to validate the use of any other repository which is available to him or to her. We must also point out that in our experiments we removed nearly all the information about the health status of the lungs, but we also removed a large portion of the information about the dataset in general. In other words, two datasets might be distinguishable because of features that appear in the center of the images, but have nothing to do with the health status of the patient. However, we had to remove the center of the image to take away any information about the lungs. Hence, our experiments set a minimum ability of a classifier to recognize the datasets. To the best of our knowledge, we are the first to address this problem for x-ray images. Hence, any future technique that obtains better results than ours would lead to better testing protocols. However, one should consider that the difference between the datasets might be so large that current deep learning models might actually ignore the medical information contained in the images and not be able to classify the scans on different datasets.",
            "cite_spans": [],
            "ref_spans": [],
            "section": "Experiments"
        },
        {
            "text": "In this paper we discussed the validity of the usual testing protocols in most papers dealing with the automatic diagnosis of COVID-19. We showed that these protocols might be biased and learn to predict features that depend more on the source dataset than they do on the correct medical diagnosis. We also suggested a new testing protocol and a method to evaluate the biasness of any new testing protocol. To the best of our knowledge, we are the first to provide such a metric. As future work, we plan to look for more efficient methods for dataset recognition and create new experiments to test the biasness of testing protocols for X-Ray image classification. Besides, we plan to find image processing techniques that might reduce the inter-datasets differences.",
            "cite_spans": [],
            "ref_spans": [],
            "section": "Conclusion"
        }
    ],
    "bib_entries": {
        "BIBREF0": {
            "ref_id": "b0",
            "title": "Severe outcomes among patients with coronavirus disease 2019 (COVID-19)-United States",
            "authors": [
                {
                    "first": "C",
                    "middle": [
                        "D C"
                    ],
                    "last": "Covid",
                    "suffix": ""
                },
                {
                    "first": "R",
                    "middle": [],
                    "last": "Team",
                    "suffix": ""
                }
            ],
            "year": 2020,
            "venue": "MMWR Morb Mortal Wkly Rep",
            "volume": "69",
            "issn": "",
            "pages": "343--346",
            "other_ids": {}
        },
        "BIBREF1": {
            "ref_id": "b1",
            "title": "COVID-19 and Italy: what next?",
            "authors": [
                {
                    "first": "A",
                    "middle": [],
                    "last": "Remuzzi",
                    "suffix": ""
                },
                {
                    "first": "G",
                    "middle": [],
                    "last": "Remuzzi",
                    "suffix": ""
                }
            ],
            "year": 2020,
            "venue": "Lancet",
            "volume": "",
            "issn": "",
            "pages": "",
            "other_ids": {}
        },
        "BIBREF2": {
            "ref_id": "b2",
            "title": "Coronavirus: covid-19 has killed more people than SARS and MERS combined, despite lower case fatality rate",
            "authors": [
                {
                    "first": "E",
                    "middle": [],
                    "last": "Mahase",
                    "suffix": ""
                }
            ],
            "year": 2020,
            "venue": "",
            "volume": "",
            "issn": "",
            "pages": "",
            "other_ids": {}
        },
        "BIBREF3": {
            "ref_id": "b3",
            "title": "others, Clinical features of patients infected with 2019 novel coronavirus in",
            "authors": [
                {
                    "first": "C",
                    "middle": [],
                    "last": "Huang",
                    "suffix": ""
                },
                {
                    "first": "Y",
                    "middle": [],
                    "last": "Wang",
                    "suffix": ""
                },
                {
                    "first": "X",
                    "middle": [],
                    "last": "Li",
                    "suffix": ""
                },
                {
                    "first": "L",
                    "middle": [],
                    "last": "Ren",
                    "suffix": ""
                },
                {
                    "first": "J",
                    "middle": [],
                    "last": "Zhao",
                    "suffix": ""
                },
                {
                    "first": "Y",
                    "middle": [],
                    "last": "Hu",
                    "suffix": ""
                },
                {
                    "first": "L",
                    "middle": [],
                    "last": "Zhang",
                    "suffix": ""
                },
                {
                    "first": "G",
                    "middle": [],
                    "last": "Fan",
                    "suffix": ""
                },
                {
                    "first": "J",
                    "middle": [],
                    "last": "Xu",
                    "suffix": ""
                },
                {
                    "first": "X",
                    "middle": [],
                    "last": "Gu",
                    "suffix": ""
                }
            ],
            "year": 2020,
            "venue": "",
            "volume": "395",
            "issn": "",
            "pages": "497--506",
            "other_ids": {}
        },
        "BIBREF4": {
            "ref_id": "b4",
            "title": "others, Detection of 2019 novel coronavirus (2019-nCoV) by real-time RT-PCR",
            "authors": [
                {
                    "first": "V",
                    "middle": [
                        "M"
                    ],
                    "last": "Corman",
                    "suffix": ""
                },
                {
                    "first": "O",
                    "middle": [],
                    "last": "Landt",
                    "suffix": ""
                },
                {
                    "first": "M",
                    "middle": [],
                    "last": "Kaiser",
                    "suffix": ""
                },
                {
                    "first": "R",
                    "middle": [],
                    "last": "Molenkamp",
                    "suffix": ""
                },
                {
                    "first": "A",
                    "middle": [],
                    "last": "Meijer",
                    "suffix": ""
                },
                {
                    "first": "D",
                    "middle": [
                        "K W"
                    ],
                    "last": "Chu",
                    "suffix": ""
                },
                {
                    "first": "T",
                    "middle": [],
                    "last": "Bleicker",
                    "suffix": ""
                },
                {
                    "first": "S",
                    "middle": [],
                    "last": "Br\u00fcnink",
                    "suffix": ""
                },
                {
                    "first": "J",
                    "middle": [],
                    "last": "Schneider",
                    "suffix": ""
                },
                {
                    "first": "M",
                    "middle": [
                        "L"
                    ],
                    "last": "Schmidt",
                    "suffix": ""
                }
            ],
            "year": 2020,
            "venue": "",
            "volume": "25",
            "issn": "",
            "pages": "",
            "other_ids": {}
        },
        "BIBREF5": {
            "ref_id": "b5",
            "title": "Rapid ai development cycle for the coronavirus (covid-19) pandemic: Initial results for automated detection & patient monitoring using deep learning ct image analysis",
            "authors": [
                {
                    "first": "O",
                    "middle": [],
                    "last": "Gozes",
                    "suffix": ""
                },
                {
                    "first": "M",
                    "middle": [],
                    "last": "Frid-Adar",
                    "suffix": ""
                },
                {
                    "first": "H",
                    "middle": [],
                    "last": "Greenspan",
                    "suffix": ""
                },
                {
                    "first": "P",
                    "middle": [
                        "D"
                    ],
                    "last": "Browning",
                    "suffix": ""
                },
                {
                    "first": "H",
                    "middle": [],
                    "last": "Zhang",
                    "suffix": ""
                },
                {
                    "first": "W",
                    "middle": [],
                    "last": "Ji",
                    "suffix": ""
                },
                {
                    "first": "A",
                    "middle": [],
                    "last": "Bernheim",
                    "suffix": ""
                },
                {
                    "first": "E",
                    "middle": [],
                    "last": "Siegel",
                    "suffix": ""
                }
            ],
            "year": 2020,
            "venue": "",
            "volume": "",
            "issn": "",
            "pages": "",
            "other_ids": {}
        },
        "BIBREF6": {
            "ref_id": "b6",
            "title": "others, Chexnet: Radiologist-level pneumonia detection on chest x-rays with deep learning",
            "authors": [
                {
                    "first": "P",
                    "middle": [],
                    "last": "Rajpurkar",
                    "suffix": ""
                },
                {
                    "first": "J",
                    "middle": [],
                    "last": "Irvin",
                    "suffix": ""
                },
                {
                    "first": "K",
                    "middle": [],
                    "last": "Zhu",
                    "suffix": ""
                },
                {
                    "first": "B",
                    "middle": [],
                    "last": "Yang",
                    "suffix": ""
                },
                {
                    "first": "H",
                    "middle": [],
                    "last": "Mehta",
                    "suffix": ""
                },
                {
                    "first": "T",
                    "middle": [],
                    "last": "Duan",
                    "suffix": ""
                },
                {
                    "first": "D",
                    "middle": [],
                    "last": "Ding",
                    "suffix": ""
                },
                {
                    "first": "A",
                    "middle": [],
                    "last": "Bagul",
                    "suffix": ""
                },
                {
                    "first": "C",
                    "middle": [],
                    "last": "Langlotz",
                    "suffix": ""
                },
                {
                    "first": "K",
                    "middle": [],
                    "last": "Shpanskaya",
                    "suffix": ""
                }
            ],
            "year": 2017,
            "venue": "",
            "volume": "",
            "issn": "",
            "pages": "",
            "other_ids": {}
        },
        "BIBREF7": {
            "ref_id": "b7",
            "title": "COVID-19 identification in chest X-ray images on flat and hierarchical classification scenarios",
            "authors": [
                {
                    "first": "R",
                    "middle": [
                        "M"
                    ],
                    "last": "Pereira",
                    "suffix": ""
                },
                {
                    "first": "D",
                    "middle": [],
                    "last": "Bertolini",
                    "suffix": ""
                },
                {
                    "first": "L",
                    "middle": [
                        "O"
                    ],
                    "last": "Teixeira",
                    "suffix": ""
                },
                {
                    "first": "C",
                    "middle": [
                        "N"
                    ],
                    "last": "Silla",
                    "suffix": ""
                },
                {
                    "first": "Y",
                    "middle": [
                        "M G"
                    ],
                    "last": "Costa",
                    "suffix": ""
                }
            ],
            "year": 2020,
            "venue": "",
            "volume": "",
            "issn": "",
            "pages": "",
            "other_ids": {}
        },
        "BIBREF8": {
            "ref_id": "b8",
            "title": "Automatic detection of coronavirus disease (COVID-19) using Xray images and deep convolutional neural networks, ArXiv Prepr",
            "authors": [
                {
                    "first": "A",
                    "middle": [],
                    "last": "Narin",
                    "suffix": ""
                },
                {
                    "first": "C",
                    "middle": [],
                    "last": "Kaya",
                    "suffix": ""
                },
                {
                    "first": "Z",
                    "middle": [],
                    "last": "Pamuk",
                    "suffix": ""
                }
            ],
            "year": 2003,
            "venue": "",
            "volume": "",
            "issn": "",
            "pages": "",
            "other_ids": {}
        },
        "BIBREF9": {
            "ref_id": "b9",
            "title": "COVID-19 Screening on Chest X-ray Images Using Deep Learning based Anomaly Detection, ArXiv Prepr. ArXiv2003.12338",
            "authors": [
                {
                    "first": "J",
                    "middle": [],
                    "last": "Zhang",
                    "suffix": ""
                },
                {
                    "first": "Y",
                    "middle": [],
                    "last": "Xie",
                    "suffix": ""
                },
                {
                    "first": "Y",
                    "middle": [],
                    "last": "Li",
                    "suffix": ""
                },
                {
                    "first": "C",
                    "middle": [],
                    "last": "Shen",
                    "suffix": ""
                },
                {
                    "first": "Y",
                    "middle": [],
                    "last": "Xia",
                    "suffix": ""
                }
            ],
            "year": 2020,
            "venue": "",
            "volume": "",
            "issn": "",
            "pages": "",
            "other_ids": {}
        },
        "BIBREF10": {
            "ref_id": "b10",
            "title": "Covid-19: automatic detection from x-ray images utilizing transfer learning with convolutional neural networks",
            "authors": [
                {
                    "first": "I",
                    "middle": [
                        "D"
                    ],
                    "last": "Apostolopoulos",
                    "suffix": ""
                },
                {
                    "first": "T",
                    "middle": [
                        "A"
                    ],
                    "last": "Mpesiana",
                    "suffix": ""
                }
            ],
            "year": 2020,
            "venue": "Phys. Eng. Sci. Med",
            "volume": "",
            "issn": "",
            "pages": "",
            "other_ids": {}
        },
        "BIBREF11": {
            "ref_id": "b11",
            "title": "Correlation of chest CT and RT-PCR testing in coronavirus disease 2019 (COVID-19) in China: a report of 1014 cases",
            "authors": [
                {
                    "first": "T",
                    "middle": [],
                    "last": "Ai",
                    "suffix": ""
                },
                {
                    "first": "Z",
                    "middle": [],
                    "last": "Yang",
                    "suffix": ""
                },
                {
                    "first": "H",
                    "middle": [],
                    "last": "Hou",
                    "suffix": ""
                },
                {
                    "first": "C",
                    "middle": [],
                    "last": "Zhan",
                    "suffix": ""
                },
                {
                    "first": "C",
                    "middle": [],
                    "last": "Chen",
                    "suffix": ""
                },
                {
                    "first": "W",
                    "middle": [],
                    "last": "Lv",
                    "suffix": ""
                },
                {
                    "first": "Q",
                    "middle": [],
                    "last": "Tao",
                    "suffix": ""
                },
                {
                    "first": "Z",
                    "middle": [],
                    "last": "Sun",
                    "suffix": ""
                },
                {
                    "first": "L",
                    "middle": [],
                    "last": "Xia",
                    "suffix": ""
                }
            ],
            "year": 2020,
            "venue": "",
            "volume": "",
            "issn": "",
            "pages": "",
            "other_ids": {}
        },
        "BIBREF12": {
            "ref_id": "b12",
            "title": "On the limits of cross-domain generalization in automated X-ray prediction, ArXiv Prepr",
            "authors": [
                {
                    "first": "J",
                    "middle": [
                        "P"
                    ],
                    "last": "Cohen",
                    "suffix": ""
                },
                {
                    "first": "M",
                    "middle": [],
                    "last": "Hashir",
                    "suffix": ""
                },
                {
                    "first": "R",
                    "middle": [],
                    "last": "Brooks",
                    "suffix": ""
                },
                {
                    "first": "H",
                    "middle": [],
                    "last": "Bertrand",
                    "suffix": ""
                }
            ],
            "year": 2002,
            "venue": "",
            "volume": "",
            "issn": "",
            "pages": "",
            "other_ids": {}
        },
        "BIBREF13": {
            "ref_id": "b13",
            "title": "ImageNet Classification with Deep Convolutional Neural Networks",
            "authors": [
                {
                    "first": "A",
                    "middle": [],
                    "last": "Krizhevsky",
                    "suffix": ""
                },
                {
                    "first": "I",
                    "middle": [],
                    "last": "Sutskever",
                    "suffix": ""
                },
                {
                    "first": "G",
                    "middle": [
                        "E"
                    ],
                    "last": "Hinton",
                    "suffix": ""
                }
            ],
            "year": 2012,
            "venue": "Adv. Neural Inf. Process. Syst",
            "volume": "25",
            "issn": "",
            "pages": "",
            "other_ids": {
                "DOI": [
                    "10.1061/(asce)gt.1943-5606.0001284"
                ]
            }
        },
        "BIBREF14": {
            "ref_id": "b14",
            "title": "COVID-19 image data collection, ArXiv Prepr",
            "authors": [
                {
                    "first": "J",
                    "middle": [
                        "P"
                    ],
                    "last": "Cohen",
                    "suffix": ""
                },
                {
                    "first": "P",
                    "middle": [],
                    "last": "Morrison",
                    "suffix": ""
                },
                {
                    "first": "L",
                    "middle": [],
                    "last": "Dao",
                    "suffix": ""
                }
            ],
            "year": 2003,
            "venue": "",
            "volume": "",
            "issn": "",
            "pages": "",
            "other_ids": {}
        },
        "BIBREF15": {
            "ref_id": "b15",
            "title": "Chestx-ray8: Hospital-scale chest xray database and benchmarks on weakly-supervised classification and localization of common thorax diseases",
            "authors": [
                {
                    "first": "X",
                    "middle": [],
                    "last": "Wang",
                    "suffix": ""
                },
                {
                    "first": "Y",
                    "middle": [],
                    "last": "Peng",
                    "suffix": ""
                },
                {
                    "first": "L",
                    "middle": [],
                    "last": "Lu",
                    "suffix": ""
                },
                {
                    "first": "Z",
                    "middle": [],
                    "last": "Lu",
                    "suffix": ""
                },
                {
                    "first": "M",
                    "middle": [],
                    "last": "Bagheri",
                    "suffix": ""
                },
                {
                    "first": "R",
                    "middle": [
                        "M"
                    ],
                    "last": "Summers",
                    "suffix": ""
                }
            ],
            "year": 2017,
            "venue": "Proc. IEEE Conf. Comput. Vis. Pattern Recognit",
            "volume": "",
            "issn": "",
            "pages": "2097--2106",
            "other_ids": {}
        },
        "BIBREF16": {
            "ref_id": "b16",
            "title": "Densely connected convolutional networks",
            "authors": [
                {
                    "first": "G",
                    "middle": [],
                    "last": "Huang",
                    "suffix": ""
                },
                {
                    "first": "Z",
                    "middle": [],
                    "last": "Liu",
                    "suffix": ""
                },
                {
                    "first": "L",
                    "middle": [],
                    "last": "Van Der Maaten",
                    "suffix": ""
                },
                {
                    "first": "K",
                    "middle": [
                        "Q"
                    ],
                    "last": "Weinberger",
                    "suffix": ""
                }
            ],
            "year": 2017,
            "venue": "Proc. IEEE Conf. Comput. Vis. Pattern Recognit",
            "volume": "",
            "issn": "",
            "pages": "4700--4708",
            "other_ids": {}
        },
        "BIBREF17": {
            "ref_id": "b17",
            "title": "Deep Residual Learning for Image Recognition",
            "authors": [
                {
                    "first": "K",
                    "middle": [],
                    "last": "He",
                    "suffix": ""
                },
                {
                    "first": "X",
                    "middle": [],
                    "last": "Zhang",
                    "suffix": ""
                },
                {
                    "first": "S",
                    "middle": [],
                    "last": "Ren",
                    "suffix": ""
                },
                {
                    "first": "J",
                    "middle": [],
                    "last": "Sun",
                    "suffix": ""
                }
            ],
            "year": 2016,
            "venue": "IEEE Conf. Comput. Vis. Pattern Recognit",
            "volume": "",
            "issn": "",
            "pages": "770--778",
            "other_ids": {}
        },
        "BIBREF18": {
            "ref_id": "b18",
            "title": "Very deep convolutional networks for large-scale image recognition, ArXiv Prepr",
            "authors": [
                {
                    "first": "K",
                    "middle": [],
                    "last": "Simonyan",
                    "suffix": ""
                },
                {
                    "first": "A",
                    "middle": [],
                    "last": "Zisserman",
                    "suffix": ""
                }
            ],
            "year": null,
            "venue": "",
            "volume": "",
            "issn": "",
            "pages": "",
            "other_ids": {}
        },
        "BIBREF19": {
            "ref_id": "b19",
            "title": "Covid-net: A tailored deep convolutional neural network design for detection of covid-19 cases from chest radiography images, ArXiv Prepr",
            "authors": [
                {
                    "first": "L",
                    "middle": [],
                    "last": "Wang",
                    "suffix": ""
                },
                {
                    "first": "A",
                    "middle": [],
                    "last": "Wong",
                    "suffix": ""
                }
            ],
            "year": 2003,
            "venue": "",
            "volume": "",
            "issn": "",
            "pages": "",
            "other_ids": {}
        },
        "BIBREF20": {
            "ref_id": "b20",
            "title": "Covidx-net: A framework of deep learning classifiers to diagnose covid-19 in x-ray images, ArXiv Prepr",
            "authors": [
                {
                    "first": "E",
                    "middle": [
                        "E"
                    ],
                    "last": "-D. Hemdan",
                    "suffix": ""
                },
                {
                    "first": "M",
                    "middle": [
                        "A"
                    ],
                    "last": "Shouman",
                    "suffix": ""
                },
                {
                    "first": "M",
                    "middle": [
                        "E"
                    ],
                    "last": "Karar",
                    "suffix": ""
                }
            ],
            "year": 2003,
            "venue": "",
            "volume": "",
            "issn": "",
            "pages": "",
            "other_ids": {}
        },
        "BIBREF21": {
            "ref_id": "b21",
            "title": "Finding COVID-19 from Chest X-rays using Deep Learning on a Small Dataset",
            "authors": [
                {
                    "first": "L",
                    "middle": [
                        "O"
                    ],
                    "last": "Hall",
                    "suffix": ""
                },
                {
                    "first": "R",
                    "middle": [],
                    "last": "Paul",
                    "suffix": ""
                },
                {
                    "first": "D",
                    "middle": [
                        "B"
                    ],
                    "last": "Goldgof",
                    "suffix": ""
                },
                {
                    "first": "G",
                    "middle": [
                        "M"
                    ],
                    "last": "Goldgof",
                    "suffix": ""
                }
            ],
            "year": 2020,
            "venue": "",
            "volume": "",
            "issn": "",
            "pages": "",
            "other_ids": {}
        },
        "BIBREF22": {
            "ref_id": "b22",
            "title": "Artificial intelligence applied on chest X-ray can aid in the diagnosis of COVID-19 infection",
            "authors": [
                {
                    "first": "I",
                    "middle": [],
                    "last": "Castiglioni",
                    "suffix": ""
                },
                {
                    "first": "D",
                    "middle": [],
                    "last": "Ippolito",
                    "suffix": ""
                },
                {
                    "first": "M",
                    "middle": [],
                    "last": "Interlenghi",
                    "suffix": ""
                },
                {
                    "first": "C",
                    "middle": [
                        "B"
                    ],
                    "last": "Monti",
                    "suffix": ""
                },
                {
                    "first": "C",
                    "middle": [],
                    "last": "Salvatore",
                    "suffix": ""
                },
                {
                    "first": "S",
                    "middle": [],
                    "last": "Schiaffino",
                    "suffix": ""
                },
                {
                    "first": "A",
                    "middle": [],
                    "last": "Polidori",
                    "suffix": ""
                },
                {
                    "first": "D",
                    "middle": [],
                    "last": "Gandola",
                    "suffix": ""
                },
                {
                    "first": "C",
                    "middle": [],
                    "last": "Messa",
                    "suffix": ""
                },
                {
                    "first": "F",
                    "middle": [],
                    "last": "Sardanelli",
                    "suffix": ""
                }
            ],
            "year": 2020,
            "venue": "",
            "volume": "",
            "issn": "",
            "pages": "",
            "other_ids": {}
        },
        "BIBREF23": {
            "ref_id": "b23",
            "title": "others, Chexpert: A large chest radiograph dataset with uncertainty labels and expert comparison",
            "authors": [
                {
                    "first": "J",
                    "middle": [],
                    "last": "Irvin",
                    "suffix": ""
                },
                {
                    "first": "P",
                    "middle": [],
                    "last": "Rajpurkar",
                    "suffix": ""
                },
                {
                    "first": "M",
                    "middle": [],
                    "last": "Ko",
                    "suffix": ""
                },
                {
                    "first": "Y",
                    "middle": [],
                    "last": "Yu",
                    "suffix": ""
                },
                {
                    "first": "S",
                    "middle": [],
                    "last": "Ciurea-Ilcus",
                    "suffix": ""
                },
                {
                    "first": "C",
                    "middle": [],
                    "last": "Chute",
                    "suffix": ""
                },
                {
                    "first": "H",
                    "middle": [],
                    "last": "Marklund",
                    "suffix": ""
                },
                {
                    "first": "B",
                    "middle": [],
                    "last": "Haghgoo",
                    "suffix": ""
                },
                {
                    "first": "R",
                    "middle": [],
                    "last": "Ball",
                    "suffix": ""
                },
                {
                    "first": "K",
                    "middle": [],
                    "last": "Shpanskaya",
                    "suffix": ""
                }
            ],
            "year": 2019,
            "venue": "",
            "volume": "",
            "issn": "",
            "pages": "590--597",
            "other_ids": {}
        }
    },
    "ref_entries": {
        "FIGREF0": {
            "text": "Images from the NIH dataset Irvin et al. collected and labelled Chexpert",
            "latex": null,
            "type": "figure"
        },
        "FIGREF1": {
            "text": "Images from the CHE datasetIn 2017 Dr. Paul Mooney started a competition on Kaggle on viral and bacterial pneumonia classification (https://www.kaggle.com/paultimothymooney/chest-xray-pneumonia/version/2). It contained 5,863 pediatric images, hence it is very different from the other datasets. We refer to this dataset as KAG. Some samples can be seen inFigure 3.",
            "latex": null,
            "type": "figure"
        },
        "FIGREF2": {
            "text": "Images from the KAG dataset",
            "latex": null,
            "type": "figure"
        },
        "FIGREF3": {
            "text": "Images from the COV dataset",
            "latex": null,
            "type": "figure"
        },
        "FIGREF4": {
            "text": "Original and transformed samples from the 4 datasets (Left to right: NIH, CHE, KAG, COV)",
            "latex": null,
            "type": "figure"
        }
    },
    "back_matter": []
}