{
    "paper_id": "62422067bef87df7c6860399e21d81335b3aa076",
    "metadata": {
        "title": "Automatic Textual Evidence Mining in COVID-19 Literature",
        "authors": [
            {
                "first": "Xuan",
                "middle": [],
                "last": "Wang",
                "suffix": "",
                "affiliation": {
                    "laboratory": "",
                    "institution": "University of Illinois at Urbana",
                    "location": {
                        "settlement": "Champaign"
                    }
                },
                "email": ""
            },
            {
                "first": "Weili",
                "middle": [],
                "last": "Liu",
                "suffix": "",
                "affiliation": {
                    "laboratory": "",
                    "institution": "University of Illinois at Urbana",
                    "location": {
                        "settlement": "Champaign"
                    }
                },
                "email": "weilil2@illinois.edu"
            },
            {
                "first": "Aabhas",
                "middle": [],
                "last": "Chauhan",
                "suffix": "",
                "affiliation": {
                    "laboratory": "",
                    "institution": "University of Illinois at Urbana",
                    "location": {
                        "settlement": "Champaign"
                    }
                },
                "email": "aabhasc2@illinois.edu"
            },
            {
                "first": "Yingjun",
                "middle": [],
                "last": "Guan",
                "suffix": "",
                "affiliation": {
                    "laboratory": "",
                    "institution": "University of Illinois at Urbana-Champaign",
                    "location": {}
                },
                "email": "yingjun2@illinois.edu"
            },
            {
                "first": "Jiawei",
                "middle": [],
                "last": "Han",
                "suffix": "",
                "affiliation": {
                    "laboratory": "",
                    "institution": "University of Illinois at Urbana",
                    "location": {
                        "settlement": "Champaign"
                    }
                },
                "email": "hanj@illinois.edu"
            }
        ]
    },
    "abstract": [
        {
            "text": "We created this EVIDENCEMINER system for automatic textual evidence mining in COVID-19 literature. EVIDENCEMINER is a webbased system that lets users query a natural language statement and automatically retrieves textual evidence from a background corpora for life sciences. It is constructed in a completely automated way without any human effort for training data annotation. EV-IDENCEMINER is supported by novel datadriven methods for distantly supervised named entity recognition and open information extraction. The named entities and meta-patterns are pre-computed and indexed offline to support fast online evidence retrieval. The annotation results are also highlighted in the original document for better visualization. EVI-DENCEMINER also includes analytic functionalities such as the most frequent entity and relation summarization.",
            "cite_spans": [],
            "ref_spans": [],
            "section": "Abstract"
        }
    ],
    "body_text": [
        {
            "text": "Coronavirus disease 2019 is an infectious disease caused by severe acute respiratory syndrome coronavirus 2 (SARS-CoV-2). The disease was first identified in 2019 in Wuhan, Central China, and has since spread globally, resulting in the 20192020 coronavirus pandemic. On March 16th, 2020, researchers and leaders from the Allen Institute for AI, Chan Zuckerberg Initiative (CZI), Georgetown University's Center for Security and Emerging Technology (CSET), Microsoft, and the National Library of Medicine (NLM) at the National Institutes of Health released the 1 of scholarly literature about COVID-19, SARS-CoV-2, and the coronavirus group. Traditional search engines for life sciences (e.g., PubMed) are designed for document retrieval and do not allow direct retrieval of specific statements. Some of these statements may serve as textual evidence that is key to tasks such as hypothesis generation and new finding validation. We created EVI-DENCEMINER (Wang et al., 2020a) , a web-based system for textual evidence discovery for life sciences. We apply the EVIDENCEMINER system to the CORD-19 corpus to facilitate textual evidence mining for the COVID-19 studies 2 . Given a query as a natural language statement, EVIDENCEMINER automatically retrieves sentence-level textual evidence from the CORD-19 corpus. In the following sections, we introduce the details of the EVI-DENCEMINER system. We also show some textual evidence retrieval results with EVIDENCEMINER on the CORD-19 corpus.",
            "cite_spans": [
                {
                    "start": 559,
                    "end": 560,
                    "text": "1",
                    "ref_id": null
                },
                {
                    "start": 954,
                    "end": 974,
                    "text": "(Wang et al., 2020a)",
                    "ref_id": "BIBREF6"
                }
            ],
            "ref_spans": [],
            "section": "Introduction"
        },
        {
            "text": "EVIDENCEMINER is a web-based system for textual evidence discovery for life sciences ( Figure  1 ). Given a query as a natural language state-ment, EVIDENCEMINER automatically retrieves sentence-level textual evidence from a background corpora of biomedical literature. EVIDENCEM-INER is constructed in a completely automated way without any human effort for training data annotation. It is supported by novel data-driven methods for distantly supervised named entity recognition and open information extraction.",
            "cite_spans": [],
            "ref_spans": [
                {
                    "start": 87,
                    "end": 96,
                    "text": "Figure  1",
                    "ref_id": "FIGREF0"
                }
            ],
            "section": "EVIDENCEMINER System"
        },
        {
            "text": "EVIDENCEMINER relies on external knowledge bases to provide distant supervision for named entity recognition (NER) (Shang et al., 2018; Wang et al., , 2019 . For this COVID-19 study, the NER results are obtained from the CORD-NER system (Wang et al., 2020b) . Based on the entity annotation results, it automatically extracts informative meta-patterns (textual patterns containing entity types, e.g., CHEMICAL inhibit DISEASE) from sentences in the background corpora. (Jiang et al., 2017; Wang et al., 2018a; Li et al., 2018a,b) . Sentences with meta-patterns that better match the query statement is more likely to be textual evidence.",
            "cite_spans": [
                {
                    "start": 115,
                    "end": 135,
                    "text": "(Shang et al., 2018;",
                    "ref_id": "BIBREF5"
                },
                {
                    "start": 136,
                    "end": 155,
                    "text": "Wang et al., , 2019",
                    "ref_id": "BIBREF10"
                },
                {
                    "start": 237,
                    "end": 257,
                    "text": "(Wang et al., 2020b)",
                    "ref_id": "BIBREF7"
                },
                {
                    "start": 469,
                    "end": 489,
                    "text": "(Jiang et al., 2017;",
                    "ref_id": "BIBREF1"
                },
                {
                    "start": 490,
                    "end": 509,
                    "text": "Wang et al., 2018a;",
                    "ref_id": "BIBREF8"
                },
                {
                    "start": 510,
                    "end": 529,
                    "text": "Li et al., 2018a,b)",
                    "ref_id": null
                }
            ],
            "ref_spans": [],
            "section": "Pre-processing"
        },
        {
            "text": "After we get all entities and meta-patterns extracted, we use them to guide the textual evidence discovery. We create three offline indexes of the input corpus based on the words, entities and synonym meta-pattern groups from the previous steps. Indexing helps boost the online processing of textual evidence discovery given a user-specified query.",
            "cite_spans": [],
            "ref_spans": [],
            "section": "Corpus Indexing"
        },
        {
            "text": "Word indexing. We normalize the words in the corpus to lowercase and split the corpus into single sentences for indexing. We take each word in the vocabulary of the corpus as the key and generate an identifier list as the value including the sentences containing the key word.",
            "cite_spans": [],
            "ref_spans": [],
            "section": "Corpus Indexing"
        },
        {
            "text": "Entity indexing. Similar to word indexing, we take each entity recognized by PubTator as the key and generate an identifier list as the value including the sentences containing the key entity.",
            "cite_spans": [],
            "ref_spans": [],
            "section": "Corpus Indexing"
        },
        {
            "text": "Pattern indexing. After the fine-grained metapattern matching, we take each meta-pattern together with its extracted entity set as two levels of keys and generate the identifier list as the value including the sentences matched by the metapatterns with their corresponding entity set. We also maintain two dictionaries, one mapping each meta-pattern to its synonym meta-pattern group and the other mapping each synonym meta-pattern group to its list of meta-patterns.",
            "cite_spans": [],
            "ref_spans": [],
            "section": "Corpus Indexing"
        },
        {
            "text": "Taken an user-input query and the indexed corpus, we retrieve all the candidate evidence sentences and rank them by a confidence score of it being textual evidence for the query. The confidence score is a weighted combination of three scores: a word score, an entity score and a pattern score. Our evidence ranking function calculates the following three ranking scores:",
            "cite_spans": [],
            "ref_spans": [],
            "section": "Textual Evidence Retrieval."
        },
        {
            "text": "1. Word score: candidate evidence sentences covering more query-related words will be ranked higher.",
            "cite_spans": [],
            "ref_spans": [],
            "section": "Textual Evidence Retrieval."
        },
        {
            "text": "2. Entity score: candidate evidence sentences covering more query-related entities will be ranked higher.",
            "cite_spans": [],
            "ref_spans": [],
            "section": "Textual Evidence Retrieval."
        },
        {
            "text": "3. Pattern score: candidate evidence sentences covering more query-matched meta-patterns will be ranked higher.",
            "cite_spans": [],
            "ref_spans": [],
            "section": "Textual Evidence Retrieval."
        },
        {
            "text": "Word Score. We use the BM25 (Robertson et al., 2009 ) score as the word score to measure the relatedness between the query and the candidate evidence sentence. BM25 is a commonly used ranking score for information retrieval. Given a query Q containing the words (w 1 , w 2 , ..., w n ), the BM25 score of a candidate evidence sentence S is",
            "cite_spans": [
                {
                    "start": 28,
                    "end": 51,
                    "text": "(Robertson et al., 2009",
                    "ref_id": "BIBREF4"
                }
            ],
            "ref_spans": [],
            "section": "Textual Evidence Retrieval."
        },
        {
            "text": "where f (w i , S) is the term frequency of w i in the sentence S, |S| is the length of the sentence S, avgsl is the average length of all the sentences and k and b are two free parameters chosen by the user. IDF (w i ) is the inverse document frequency of w i , which is computed as",
            "cite_spans": [],
            "ref_spans": [],
            "section": "Textual Evidence Retrieval."
        },
        {
            "text": "where N is the total number of sentences and n(w i ) is the number of sentences containing w i . A candidate evidence sentence that is more related to the query will have a higher word score. Entity Score. We also use the BM25 score as the entity score to measure the relatedness of the query and the candidate evidence sentence. Given a query Q containing the entities (e 1 , e 2 , ..., e m ), the BM25 score of a candidate evidence sentence S is",
            "cite_spans": [],
            "ref_spans": [],
            "section": "Textual Evidence Retrieval."
        },
        {
            "text": "where f (e i , S) is the term frequency of e i in the sentence S, |S| is the length of the sentence S, avgsl is the average length of all the sentences and k and b are two free parameters chosen by the user. IDF (e i ) is the inverse document frequency of e i , which is computed as",
            "cite_spans": [],
            "ref_spans": [],
            "section": "Textual Evidence Retrieval."
        },
        {
            "text": "where N is the total number of sentences and n(e i ) is the number of sentences containing e i . A candidate evidence sentence more related to the query will have a higher entity score. Pattern Score. We measure how many synonym patterns to the query pattern can be matched on each candidate evidence sentence. Given an input query (e.g., (resveratrol, inhibit, pancreatic cancer)), we first try to convert it into a query metapattern (e.g., \"$CHEMICAL inhibit $DISEASE\"). If the query meta-pattern can be found in our pattern index, we directly retrieve all the synonym meta-patterns to the query meta-pattern. Then we measure how many meta-patterns among the synonym meta-patterns can be matched for each candidate evidence sentence on the query entities. Given a query Q containing the entities (e 1 , e 2 , ..., e n ), the pattern score of a candidate evidence sentence S is",
            "cite_spans": [],
            "ref_spans": [],
            "section": "Textual Evidence Retrieval."
        },
        {
            "text": "where k is the number of meta-patterns in the synonym meta-pattern group of the query on Q, M P i (S) is each meta-pattern in the synonym meta-pattern group of the query on Q, and M atch(M P i (Q), S) is an indicator function that measures if the sentence S can be matched with M P i (Q) on the query entities. A candidate evidence sentence is more likely to be confident evidence if it can be matched to more synonym metapatterns to the query meta-pattern. Table 1 : Performance comparison of the textual evidence retrieval systems with nDCG@1,5,10.",
            "cite_spans": [],
            "ref_spans": [
                {
                    "start": 458,
                    "end": 465,
                    "text": "Table 1",
                    "ref_id": null
                }
            ],
            "section": "Textual Evidence Retrieval."
        },
        {
            "text": "Textual Evidence Score. The final score of the candidate evidence sentence is a weighted average of the three scores,",
            "cite_spans": [],
            "ref_spans": [],
            "section": "Textual Evidence Retrieval."
        },
        {
            "text": "where (\u03c3, \u03b8, \u03b7) is the weight vector indicating the importance of each aspect of the information (i.e., word, entity and pattern), which can be adjusted by the user. The default weight vector we use is equal weight for word, entity and pattern in our experiments.",
            "cite_spans": [],
            "ref_spans": [],
            "section": "Textual Evidence Retrieval."
        },
        {
            "text": "3 Results on COVID-19",
            "cite_spans": [],
            "ref_spans": [],
            "section": "Textual Evidence Retrieval."
        },
        {
            "text": "To demonstrate the effectiveness of EVIDENCEM-INER in textual evidence retrieval, we compare its performance with the traditional BM25 (Robertson et al., 2009 ) and a recent sentence-level search engine, LitSense (Allot et al., 2019) . The background corpus is the same PubMed subset for all the compared methods. We first ask domain experts to generate 50 query statements based on the relationships between three biomedical entity types (gene, chemical, and disease) in the Comparative Toxicogenomics Database 3 . Then we ask domain experts to manually label the top-10 retrieved evidence sentences by each method with three grades indicating the confidence of the evidence. We use the average normalized Discounted Cumulative Gain (nDCG) score to evaluate the textual evidence retrieval performance. In Table 1 , we observe that EVIDENCEMINER always achieves the best performance compared with other methods. It demonstrates the effectiveness of using entities and meta-patterns to guide textual evidence discovery in biomedical literature.",
            "cite_spans": [
                {
                    "start": 135,
                    "end": 158,
                    "text": "(Robertson et al., 2009",
                    "ref_id": "BIBREF4"
                },
                {
                    "start": 213,
                    "end": 233,
                    "text": "(Allot et al., 2019)",
                    "ref_id": "BIBREF0"
                }
            ],
            "ref_spans": [
                {
                    "start": 806,
                    "end": 813,
                    "text": "Table 1",
                    "ref_id": null
                }
            ],
            "section": "Textual Evidence Retrieval"
        },
        {
            "text": "We show some case studies of textual evidence mining for COVID-19 in Figure 2 , 3 and 4. We can see the top-retrieved evidence sentences are very much related to the input query.",
            "cite_spans": [],
            "ref_spans": [
                {
                    "start": 69,
                    "end": 77,
                    "text": "Figure 2",
                    "ref_id": null
                }
            ],
            "section": "Case Study"
        },
        {
            "text": "In Figure 2 , the scientists want to study if ultraviolet (UV) can kill the SARS-COV-2 virus. In the top results, we see many supporting sentences, such as \"Ultraviolet-C (UV-C) radiation represents an alternative to chemical inactivation methods\", \"We discuss 2 such modalities, respirators (face masks) and ultraviolet (UV) light\" and \"Boeing is also exploring a prototype self-sanitizing lavatory that uses ultraviolet light to kill 99.99% of pathogens 48\".",
            "cite_spans": [],
            "ref_spans": [
                {
                    "start": 3,
                    "end": 11,
                    "text": "Figure 2",
                    "ref_id": null
                }
            ],
            "section": "Case Study"
        },
        {
            "text": "In Figure 3 , the users are interested to see if wearing masks can help prevent the COVID-19 spreading. This is a hot debating topic currently. In the top results, we see many related statements, among them are clearly two opposite opinions. For example, some statements support the use of masks to prevent the virus, such as \"COVID-19 is transmitted by saliva droplets, ..., which can be prevented by wearing masks\". While other statements are against the effectiveness of wearing masks, such as \"Although surgical masks are in widespread use ..., there is no evidence that wearing these masks can prevent the acquisition of COVID-19 ...\". An interesting future work is to classify the opinions by their semantic polarity and even further generate some summarization of the evidence retrieval results.",
            "cite_spans": [],
            "ref_spans": [
                {
                    "start": 3,
                    "end": 11,
                    "text": "Figure 3",
                    "ref_id": null
                }
            ],
            "section": "Case Study"
        },
        {
            "text": "In Figure 3 , the doctors want to study if remdesivir is a potential drug treatment for COVID-19. Remdesivir is currently a very actively studied drug that can be repurposed for COVID-19 treatment. Similarly, in the top results, we can see many sentences regarding the clinical trials for remdesivir against COVID-19.",
            "cite_spans": [],
            "ref_spans": [
                {
                    "start": 3,
                    "end": 11,
                    "text": "Figure 3",
                    "ref_id": null
                }
            ],
            "section": "Case Study"
        },
        {
            "text": "EVIDENCEMINER on COVID-19 be constantly updated based on the incremental updates of the CORD-19 corpus and the improvement of our system. We hope this system can help the text mining community build downstream applications for the COVID-19 related tasks. We also hope this system can bring insights for the COVID-19 studies on making scientific discoveries.",
            "cite_spans": [],
            "ref_spans": [],
            "section": "Conclusion"
        }
    ],
    "bib_entries": {
        "BIBREF0": {
            "ref_id": "b0",
            "title": "Litsense: making sense of biomedical literature at sentence level",
            "authors": [
                {
                    "first": "Alexis",
                    "middle": [],
                    "last": "Allot",
                    "suffix": ""
                },
                {
                    "first": "Qingyu",
                    "middle": [],
                    "last": "Chen",
                    "suffix": ""
                },
                {
                    "first": "Sun",
                    "middle": [],
                    "last": "Kim",
                    "suffix": ""
                },
                {
                    "first": "Roberto",
                    "middle": [
                        "Vera"
                    ],
                    "last": "Alvarez",
                    "suffix": ""
                },
                {
                    "first": "C",
                    "middle": [],
                    "last": "Donald",
                    "suffix": ""
                },
                {
                    "first": "John",
                    "middle": [],
                    "last": "Comeau",
                    "suffix": ""
                },
                {
                    "first": "Zhiyong",
                    "middle": [],
                    "last": "Wilbur",
                    "suffix": ""
                },
                {
                    "first": "",
                    "middle": [],
                    "last": "Lu",
                    "suffix": ""
                }
            ],
            "year": 2019,
            "venue": "Nucleic acids research",
            "volume": "",
            "issn": "",
            "pages": "",
            "other_ids": {}
        },
        "BIBREF1": {
            "ref_id": "b1",
            "title": "Metapad: Meta pattern discovery from massive text corpora",
            "authors": [
                {
                    "first": "Meng",
                    "middle": [],
                    "last": "Jiang",
                    "suffix": ""
                },
                {
                    "first": "Jingbo",
                    "middle": [],
                    "last": "Shang",
                    "suffix": ""
                },
                {
                    "first": "Taylor",
                    "middle": [],
                    "last": "Cassidy",
                    "suffix": ""
                },
                {
                    "first": "Xiang",
                    "middle": [],
                    "last": "Ren",
                    "suffix": ""
                },
                {
                    "first": "M",
                    "middle": [],
                    "last": "Lance",
                    "suffix": ""
                },
                {
                    "first": "Timothy",
                    "middle": [
                        "P"
                    ],
                    "last": "Kaplan",
                    "suffix": ""
                },
                {
                    "first": "Jiawei",
                    "middle": [],
                    "last": "Hanratty",
                    "suffix": ""
                },
                {
                    "first": "",
                    "middle": [],
                    "last": "Han",
                    "suffix": ""
                }
            ],
            "year": 2017,
            "venue": "KDD",
            "volume": "",
            "issn": "",
            "pages": "877--886",
            "other_ids": {}
        },
        "BIBREF2": {
            "ref_id": "b2",
            "title": "Truepie: Discovering reliable patterns in patternbased information extraction",
            "authors": [
                {
                    "first": "Qi",
                    "middle": [],
                    "last": "Li",
                    "suffix": ""
                },
                {
                    "first": "Meng",
                    "middle": [],
                    "last": "Jiang",
                    "suffix": ""
                },
                {
                    "first": "Xikun",
                    "middle": [],
                    "last": "Zhang",
                    "suffix": ""
                },
                {
                    "first": "Meng",
                    "middle": [],
                    "last": "Qu",
                    "suffix": ""
                },
                {
                    "first": "Timothy",
                    "middle": [
                        "P"
                    ],
                    "last": "Hanratty",
                    "suffix": ""
                },
                {
                    "first": "Jing",
                    "middle": [],
                    "last": "Gao",
                    "suffix": ""
                },
                {
                    "first": "Jiawei",
                    "middle": [],
                    "last": "Han",
                    "suffix": ""
                }
            ],
            "year": 2018,
            "venue": "KDD",
            "volume": "",
            "issn": "",
            "pages": "1675--1684",
            "other_ids": {}
        },
        "BIBREF3": {
            "ref_id": "b3",
            "title": "Pattern discovery for wide-window open information extraction in biomedical literature",
            "authors": [
                {
                    "first": "Qi",
                    "middle": [],
                    "last": "Li",
                    "suffix": ""
                },
                {
                    "first": "Xuan",
                    "middle": [],
                    "last": "Wang",
                    "suffix": ""
                },
                {
                    "first": "Yu",
                    "middle": [],
                    "last": "Zhang",
                    "suffix": ""
                },
                {
                    "first": "Qi",
                    "middle": [],
                    "last": "Li",
                    "suffix": ""
                },
                {
                    "first": "Fei",
                    "middle": [],
                    "last": "Ling",
                    "suffix": ""
                },
                {
                    "first": "Cathy",
                    "middle": [],
                    "last": "Wu",
                    "suffix": ""
                },
                {
                    "first": "H",
                    "middle": [],
                    "last": "",
                    "suffix": ""
                },
                {
                    "first": "Jiawei",
                    "middle": [],
                    "last": "Han",
                    "suffix": ""
                }
            ],
            "year": 2018,
            "venue": "",
            "volume": "",
            "issn": "",
            "pages": "",
            "other_ids": {}
        },
        "BIBREF4": {
            "ref_id": "b4",
            "title": "The probabilistic relevance framework: Bm25 and beyond",
            "authors": [
                {
                    "first": "Stephen",
                    "middle": [],
                    "last": "Robertson",
                    "suffix": ""
                },
                {
                    "first": "Hugo",
                    "middle": [],
                    "last": "Zaragoza",
                    "suffix": ""
                }
            ],
            "year": 2009,
            "venue": "FnT Inf. Ret",
            "volume": "3",
            "issn": "4",
            "pages": "333--389",
            "other_ids": {}
        },
        "BIBREF5": {
            "ref_id": "b5",
            "title": "Learning named entity tagger using domain-specific dictionary",
            "authors": [
                {
                    "first": "Jingbo",
                    "middle": [],
                    "last": "Shang",
                    "suffix": ""
                },
                {
                    "first": "Liyuan",
                    "middle": [],
                    "last": "Liu",
                    "suffix": ""
                },
                {
                    "first": "Xiang",
                    "middle": [],
                    "last": "Ren",
                    "suffix": ""
                },
                {
                    "first": "Xiaotao",
                    "middle": [],
                    "last": "Gu",
                    "suffix": ""
                },
                {
                    "first": "Teng",
                    "middle": [],
                    "last": "Ren",
                    "suffix": ""
                },
                {
                    "first": "Jiawei",
                    "middle": [],
                    "last": "Han",
                    "suffix": ""
                }
            ],
            "year": 2018,
            "venue": "",
            "volume": "",
            "issn": "",
            "pages": "",
            "other_ids": {}
        },
        "BIBREF6": {
            "ref_id": "b6",
            "title": "Evidenceminer: Textual evidence discovery for life sciences",
            "authors": [
                {
                    "first": "Xuan",
                    "middle": [],
                    "last": "Wang",
                    "suffix": ""
                },
                {
                    "first": "Yingjun",
                    "middle": [],
                    "last": "Guan",
                    "suffix": ""
                },
                {
                    "first": "Weili",
                    "middle": [],
                    "last": "Liu",
                    "suffix": ""
                },
                {
                    "first": "Aabhas",
                    "middle": [],
                    "last": "Chauhan",
                    "suffix": ""
                },
                {
                    "first": "Enyi",
                    "middle": [],
                    "last": "Jiang",
                    "suffix": ""
                },
                {
                    "first": "Qi",
                    "middle": [],
                    "last": "Li",
                    "suffix": ""
                },
                {
                    "first": "David",
                    "middle": [],
                    "last": "Liem",
                    "suffix": ""
                },
                {
                    "first": "Dibakar",
                    "middle": [],
                    "last": "Sigdel",
                    "suffix": ""
                },
                {
                    "first": "J",
                    "middle": [
                        "Harry"
                    ],
                    "last": "Caufield",
                    "suffix": ""
                },
                {
                    "first": "Peipei",
                    "middle": [],
                    "last": "Ping",
                    "suffix": ""
                },
                {
                    "first": "Jiawei",
                    "middle": [],
                    "last": "Han",
                    "suffix": ""
                }
            ],
            "year": 2020,
            "venue": "ACL: System Demonstrations",
            "volume": "",
            "issn": "",
            "pages": "",
            "other_ids": {}
        },
        "BIBREF7": {
            "ref_id": "b7",
            "title": "Comprehensive named entity recognition on cord-19 with distant or weak supervision",
            "authors": [
                {
                    "first": "Xuan",
                    "middle": [],
                    "last": "Wang",
                    "suffix": ""
                },
                {
                    "first": "Xiangchen",
                    "middle": [],
                    "last": "Song",
                    "suffix": ""
                },
                {
                    "first": "Yingjun",
                    "middle": [],
                    "last": "Guan",
                    "suffix": ""
                },
                {
                    "first": "Bangzheng",
                    "middle": [],
                    "last": "Li",
                    "suffix": ""
                },
                {
                    "first": "Jiawei",
                    "middle": [],
                    "last": "Han",
                    "suffix": ""
                }
            ],
            "year": 2020,
            "venue": "",
            "volume": "",
            "issn": "",
            "pages": "",
            "other_ids": {
                "arXiv": [
                    "arXiv:2003.12218"
                ]
            }
        },
        "BIBREF8": {
            "ref_id": "b8",
            "title": "Open information extraction with metapattern discovery in biomedical literature",
            "authors": [
                {
                    "first": "Xuan",
                    "middle": [],
                    "last": "Wang",
                    "suffix": ""
                },
                {
                    "first": "Yu",
                    "middle": [],
                    "last": "Zhang",
                    "suffix": ""
                },
                {
                    "first": "Qi",
                    "middle": [],
                    "last": "Li",
                    "suffix": ""
                },
                {
                    "first": "Yinyin",
                    "middle": [],
                    "last": "Chen",
                    "suffix": ""
                },
                {
                    "first": "Jiawei",
                    "middle": [],
                    "last": "Han",
                    "suffix": ""
                }
            ],
            "year": 2018,
            "venue": "BCB",
            "volume": "",
            "issn": "",
            "pages": "291--300",
            "other_ids": {}
        },
        "BIBREF9": {
            "ref_id": "b9",
            "title": "Case study",
            "authors": [],
            "year": null,
            "venue": "",
            "volume": "2",
            "issn": "",
            "pages": "",
            "other_ids": {}
        },
        "BIBREF10": {
            "ref_id": "b10",
            "title": "Distantly supervised biomedical named entity recognition with dictionary expansion",
            "authors": [
                {
                    "first": "Xuan",
                    "middle": [],
                    "last": "Wang",
                    "suffix": ""
                },
                {
                    "first": "Yu",
                    "middle": [],
                    "last": "Zhang",
                    "suffix": ""
                },
                {
                    "first": "Qi",
                    "middle": [],
                    "last": "Li",
                    "suffix": ""
                },
                {
                    "first": "Xiang",
                    "middle": [],
                    "last": "Ren",
                    "suffix": ""
                },
                {
                    "first": "Jingbo",
                    "middle": [],
                    "last": "Shang",
                    "suffix": ""
                },
                {
                    "first": "Jiawei",
                    "middle": [],
                    "last": "Han",
                    "suffix": ""
                }
            ],
            "year": 2019,
            "venue": "2019 IEEE International Conference on Bioinformatics and Biomedicine (BIBM)",
            "volume": "",
            "issn": "",
            "pages": "496--503",
            "other_ids": {}
        },
        "BIBREF11": {
            "ref_id": "b11",
            "title": "PENNER: pattern-enhanced nested named entity recognition in biomedical literature",
            "authors": [
                {
                    "first": "Xuan",
                    "middle": [],
                    "last": "Wang",
                    "suffix": ""
                },
                {
                    "first": "Yu",
                    "middle": [],
                    "last": "Zhang",
                    "suffix": ""
                },
                {
                    "first": "Qi",
                    "middle": [],
                    "last": "Li",
                    "suffix": ""
                },
                {
                    "first": "Cathy",
                    "middle": [
                        "H"
                    ],
                    "last": "Wu",
                    "suffix": ""
                },
                {
                    "first": "Jiawei",
                    "middle": [],
                    "last": "Han",
                    "suffix": ""
                }
            ],
            "year": 2018,
            "venue": "BIBM",
            "volume": "",
            "issn": "",
            "pages": "540--547",
            "other_ids": {}
        },
        "BIBREF12": {
            "ref_id": "b12",
            "title": "Case study: (COVID-19, masks) Figure 4: Case study: (COVID-19, remdesivir)",
            "authors": [],
            "year": null,
            "venue": "Figure",
            "volume": "3",
            "issn": "",
            "pages": "",
            "other_ids": {}
        }
    },
    "ref_entries": {
        "FIGREF0": {
            "text": "System architecture of EVIDENCEMINER.",
            "latex": null,
            "type": "figure"
        }
    },
    "back_matter": [
        {
            "text": "Research was sponsored in part by US DARPA KAIROS Program No. FA8750-19-2-1004 and SocialSim Program No. W911NF-17-C-0099, National Science Foundation IIS 16-18481, IIS 17-04532, and IIS-17-41317, and DTRA HD-TRA11810026. Any opinions, findings, and conclusions or recommendations expressed herein are those of the authors and should not be interpreted as necessarily representing the views, either expressed or implied, of DARPA or the U.S. Government. The U.S. Government is authorized to reproduce and distribute reprints for government purposes notwithstanding any copyright annotation hereon. The views and conclusions contained in this paper are those of the authors and should not be interpreted as representing any funding agencies.",
            "cite_spans": [],
            "ref_spans": [],
            "section": "Acknowledgment"
        }
    ]
}