{
    "paper_id": "642f8a2b908e954e00ce74f5c44ebe4e1ce46505",
    "metadata": {
        "title": "Extracting possibly representative COVID-19 Biomarkers from X-Ray images with Deep Learning approach and image data related to Pulmonary Diseases",
        "authors": [
            {
                "first": "Ioannis",
                "middle": [
                    "D"
                ],
                "last": "Apostolopoulos",
                "suffix": "",
                "affiliation": {
                    "laboratory": "",
                    "institution": "University of Patras",
                    "location": {
                        "postCode": "26504",
                        "settlement": "Patras",
                        "country": "Greece"
                    }
                },
                "email": ""
            },
            {
                "first": "Aznaouridis",
                "middle": [
                    "I"
                ],
                "last": "Sokratis",
                "suffix": "",
                "affiliation": {
                    "laboratory": "",
                    "institution": "University of Patras",
                    "location": {
                        "postCode": "26504",
                        "settlement": "Patras",
                        "country": "Greece"
                    }
                },
                "email": ""
            },
            {
                "first": "Tzani",
                "middle": [
                    "A"
                ],
                "last": "Mpesiana",
                "suffix": "",
                "affiliation": {
                    "laboratory": "",
                    "institution": "Computer Technology Institute and Press \"Diophantus\"",
                    "location": {
                        "postCode": "26504",
                        "settlement": "Patras",
                        "country": "Greece"
                    }
                },
                "email": ""
            }
        ]
    },
    "abstract": [
        {
            "text": "In this study, the problem of automatically classifying pulmonary diseases, including the recently emerged COVID-19, from X-Ray images, is considered. While the spread of COVID-19 is increased, new, automatic, and reliable methods for accurate detection are essential to reduce the exposure of the medical experts to the outbreak. X-Ray imaging, although limited to specific visualizations, may be helpful for the diagnosis. Deep Learning has proven to be a remarkable method to extract massive high-dimensional features from medical images. Specifically, in this paper, the state-of-the-art Convolutional Neural Network called Mobile Net is employed and trained from scratch to investigate the importance of the extracted features for the classification task. A large-scale dataset of 3905 X-Ray images, corresponding to 6 diseases is utilized for training MobileNet v2, which has been proven to achieve remarkable results in related tasks. The results suggest that training CNNs from scratch may reveal vital biomarkers related but not limited to the COVID-19 disease, while an overall classification accuracy of the seven classes reaches 87.66%. Besides, this method achieves 99.18% accuracy, 97.36% Sensitivity, and 99.42% Specificity in the detection of COVID-19.",
            "cite_spans": [],
            "ref_spans": [],
            "section": "Abstract"
        }
    ],
    "body_text": [
        {
            "text": "The Coronavirus (COVID-19) is perhaps the greatest challenge of mankind in the 21st century. The development of the disease, its transmission, and the increased mortality in a number of countries, make it imperative to develop treatment, but also to protect health care and society from the transmission of the disease.",
            "cite_spans": [],
            "ref_spans": [],
            "section": "Introduction"
        },
        {
            "text": "Therefore, remote control of the disease, including diagnosis, early quarantine, and follow-up, is imperative. Artificial intelligence can contribute to the above perspectives. Recent studies claim to achieve remarkable results regarding the automatic detection of the disease from thoracic X-Ray scans [1] [2] [3] . Although the research is limited due to the absence of large scale image data, the first results are encouraging and necessitate further investigation and research.",
            "cite_spans": [
                {
                    "start": 303,
                    "end": 306,
                    "text": "[1]",
                    "ref_id": "BIBREF0"
                },
                {
                    "start": 307,
                    "end": 310,
                    "text": "[2]",
                    "ref_id": "BIBREF1"
                },
                {
                    "start": 311,
                    "end": 314,
                    "text": "[3]",
                    "ref_id": "BIBREF2"
                }
            ],
            "ref_spans": [],
            "section": "Introduction"
        },
        {
            "text": "Although the diagnosis is increasingly becoming a rapid process, the financial issues arising from the cost of diagnostic tests concern both states and patients, especially in countries with private health systems, or restricted access health systems due to prohibitive prices.",
            "cite_spans": [],
            "ref_spans": [],
            "section": "Introduction"
        },
        {
            "text": "During the last months, there has been an increase in publicly available patient data, including X-Ray images. Possible patterns and knowledge mined from the X-Ray scans may constitute a possible pipeline for the diagnosis of COVID-19.",
            "cite_spans": [],
            "ref_spans": [],
            "section": "Introduction"
        },
        {
            "text": "\u03a4he development of deep learning applications over the last five years enable the researchers to perform a rapid and deep analysis on the X-Ray scans. Deep Learning is a combination of Machine Learning methods mainly focused on the automatic feature extraction and classification from images, while its applications are broadly met in medical image detection, segmentation, and classification tasks. Machine learning and Deep Learning have become established disciplines in applying artificial intelligence to mine, analyze, and recognize patterns from data. Reclaiming the advances of those fields to the benefit of clinical decision making and computer-aided systems is increasingly becoming nontrivial, as new data emerge [4] .",
            "cite_spans": [
                {
                    "start": 725,
                    "end": 728,
                    "text": "[4]",
                    "ref_id": "BIBREF3"
                }
            ],
            "ref_spans": [],
            "section": "Introduction"
        },
        {
            "text": "Deep Learning is a learning method wherein deep Convolutional Neural Networks (CNN) are utilized for automatic mass feature extraction, achieved by the process called convolution [5] . Each layer involves a transformation of the data into a higher and more abstract level. Higher layers (i.e., deep layers) of portrayal enhance parts of the information that are significant for segregation and smother unimportant attributes. Due to the unlimited parameters mined during this process, several methods have been proposed to achieve dimensionality reduction, such as Pooling [5] .",
            "cite_spans": [
                {
                    "start": 179,
                    "end": 182,
                    "text": "[5]",
                    "ref_id": "BIBREF4"
                },
                {
                    "start": 573,
                    "end": 576,
                    "text": "[5]",
                    "ref_id": "BIBREF4"
                }
            ],
            "ref_spans": [],
            "section": "Introduction"
        },
        {
            "text": "Motivated by the recent and relative research, in this study, we focus on circumventing two vital issues arisen in the detection of COVID-19 from X-Ray scans. The first issue is related to the methodology of the experimental setups. In essence, the researches have demonstrated that the detection of COVID-19 is achievable, but this conclusion derives from an analysis based on incomplete data. \u03a4he models proposed are powerful in classifying images between only three classes (viral and bacterial pneumonia, COVID-19, normal). This, unfortunately, does not in demonstrated the existence of a clear fingerprint of the Coronavirus in the X-Ray images, firstly due to the insignificant database size, and secondly due to the fact that the fingerprints of other pulmonary diseases have not been compared. The second issue is related to the flaws of Deep Learning and is often referred to as the issue of interpretability [6] . In short, the algorithm is not transparent, thereby a radiologist cannot supervise and know which factors or indices the model was based on to predict.",
            "cite_spans": [
                {
                    "start": 918,
                    "end": 921,
                    "text": "[6]",
                    "ref_id": "BIBREF5"
                }
            ],
            "ref_spans": [],
            "section": "Introduction"
        },
        {
            "text": "To further evaluate the methodology of Deep Learning, we perform an experiment utilizing six of the most common pulmonary diseases, including the COVID-19. In this way, the capabilities of the method in distinguishing between the various diseases is evaluated. Besides, the dataset of the particular experiment is significant, including approximately 450 cases of COVID-19. To contribute to the latter referred issue (i.e., the interpretability), we perform three different experiments altering the mining methods to inspect the variance of the extracted features. Specifically, the state-of-theart CNN called Mobile Net (v2) is employed to extract features from the images in three different ways, as follows: a) training from scratch, b) feature extraction via transfer learning (or of-the-self-features), and c) hybrid feature extraction via fine-tuning. Those methods are explained in Section 2.2.",
            "cite_spans": [],
            "ref_spans": [],
            "section": "Introduction"
        },
        {
            "text": "Due to the absence of a complete X-Ray dataset containing not only common pneumonia or other diseases, but also cases of diagnosed COVID-19, the final dataset of this experiment is a combination of X-Rays corresponding to common pulmonary diseases recorded during the last years and confirmed COVID-19 cases recorded the last months.",
            "cite_spans": [],
            "ref_spans": [],
            "section": "Introduction"
        },
        {
            "text": "The results of the present research further enhance the research to date. In particular, it is highlighted that with the strategy of training from scratch, the CNN succeeds in mining significant image features, discovered solely in the particular X-Ray images. Based on these characteristics (features), 88% accuracy in classification of the relative diseases and ~ 99% accuracy in diagnosis of COVID is achieved. This may prove that these features are Biomarkers and need further analysis, as they may be gene or other signatures.",
            "cite_spans": [],
            "ref_spans": [],
            "section": "Introduction"
        },
        {
            "text": "For the creation of the dataset, the research focused on obtaining X-Rays corresponding to confirmed cases infected by the virus SARS-COV-2. Through extensive research, a collection of 455 well-visualized, confirmed pathological X-Ray images was created. The final collection includes selected X-Rays from a Github repository created by Dr. Cohen [7] , and publically available medical image repositories, such as the Radiological Society of North America (RSNA), Radiopaedia, and the Italian Society of Medical and Interventional Radiology (SIRM). The latter association released a publically available COVID-19 dataset [8] , which was also incorporated.",
            "cite_spans": [
                {
                    "start": 347,
                    "end": 350,
                    "text": "[7]",
                    "ref_id": "BIBREF6"
                },
                {
                    "start": 621,
                    "end": 624,
                    "text": "[8]",
                    "ref_id": "BIBREF7"
                }
            ],
            "ref_spans": [],
            "section": "COVID-19 X-Ray images"
        },
        {
            "text": "To train and evaluate the classification method in more complex conditions, a collection of conventional bacterial and viral pneumonia X-Ray scans was added to the dataset. This collection is available on the Internet by Kermany et al. [9] . A selection of 910 related X-Ray images was incorporated into the dataset.",
            "cite_spans": [
                {
                    "start": 236,
                    "end": 239,
                    "text": "[9]",
                    "ref_id": "BIBREF8"
                }
            ],
            "ref_spans": [],
            "section": "Common Bacterial and Viral Pneumonia X-Ray images"
        },
        {
            "text": "It is impossible to investigate the performance of any classification method in detecting the COVID-19 disease unless other pulmonary diseases are incorporated. For this reason, the final dataset includes selected X-Ray scans corresponding to other pulmonary abnormalities.",
            "cite_spans": [],
            "ref_spans": [],
            "section": "Pulmonary diseases detected from X-Ray scans"
        },
        {
            "text": "The National Institutes of Health (NIH) X-Ray dataset was exploited, which is referred to as NIH dataset for the particular experiment, and comprises 112.120 frontal-view X-ray images of 30.805 unique patients with the text-mined fourteen disease image labels [10] .",
            "cite_spans": [
                {
                    "start": 260,
                    "end": 264,
                    "text": "[10]",
                    "ref_id": "BIBREF9"
                }
            ],
            "ref_spans": [],
            "section": "Pulmonary diseases detected from X-Ray scans"
        },
        {
            "text": "Those images are extracted from the clinical PACS database at the National Institutes of Health Clinical Center in America. The corresponding diseases were mined from the associated radiological reports using natural language processing. The labels contain fourteen common thoracic pathologies include Atelectasis, Consolidation, Infiltration, Pneumothorax, Edema, Emphysema, Fibrosis, Effusion, Pneumonia, Pleural thickening, Cardiomegaly, Nodule, Mass and Hernia. This dataset is significantly more representative of the real patient population distributions and realistic clinical diagnosis challenges, than any previous chest X-Ray datasets. The dataset comes with annotated metadata info, consisting of several risk associated factors.",
            "cite_spans": [],
            "ref_spans": [],
            "section": "Pulmonary diseases detected from X-Ray scans"
        },
        {
            "text": "A significant limitation of this dataset is the labeling policy, which may raise some concerns. More specifically, the medical reports were analyzed by an automatic text-mining model, which assigned the corresponding labels according to its textmining procedure. However, as the authors claim, \"there would be some erroneous labels, but the Natural Language Processing (NLP) labeling accuracy is estimated to be >90%\" [10] .",
            "cite_spans": [
                {
                    "start": 418,
                    "end": 422,
                    "text": "[10]",
                    "ref_id": "BIBREF9"
                }
            ],
            "ref_spans": [],
            "section": "Pulmonary diseases detected from X-Ray scans"
        },
        {
            "text": "For the particular experiment, the following disease cases were selected: a) Pulmonary Edema, b) Pleural effusion, c) Chronic obstructive pulmonary disease, d) Pulmonary fibrosis. The selection was based on the significance and frequency of those diseases. Analytically, 293 images representing the Pulmonary Edema, 311 images representing the Pleural Effusion, 315 images representing the Chronic Obstructive Pulmonary Disease (COPD), and 280 images representing the Pulmonary Fibrosis were randomly chosen from the collection.",
            "cite_spans": [],
            "ref_spans": [],
            "section": "Pulmonary diseases detected from X-Ray scans"
        },
        {
            "text": "The X-Ray images were rescaled to a size of 200x200. For the images of different pixel ratios, and to avoid distortion, black background of 200x200 pixels was added to achieve a complete transformation. Low contrast images or images containing parts of the whole thoracic X-Ray scan were excluded.",
            "cite_spans": [],
            "ref_spans": [],
            "section": "Image Pre-Processing and Data Augmentation"
        },
        {
            "text": "During the training process, slight augmentations were applied to the images. Data augmentation is mandatory to generate the necessary diversity aiding to the generalization capabilities of the CNNs [11] . Specifically, the images are randomly rotated by a maximum of 10 o and randomly shifted horizontally or vertically by a maximum of 20 pixels towards any direction. In this way, the CNN learns to be robust to position and orientation variance.",
            "cite_spans": [
                {
                    "start": 199,
                    "end": 203,
                    "text": "[11]",
                    "ref_id": "BIBREF10"
                }
            ],
            "ref_spans": [],
            "section": "Image Pre-Processing and Data Augmentation"
        },
        {
            "text": "The present collection of data faces some limitations, which have to be mentioned. Firstly, a relatively small sample of COVID-19-infected cases is incorporated. Besides, this sample may derive from patient cases with severe symptoms, the analysis of which was mandatory. Cases with slight symptoms are missing from the current public collections, which is due to the policy of protecting people (and society) who have mild symptoms of the disease, and are immediately quarantined without further examination.",
            "cite_spans": [],
            "ref_spans": [],
            "section": "Data Limitations"
        },
        {
            "text": "Secondly, the pneumonia incidence samples are older recorded samples and do not represent pneumonia images from patients with suspected Coronavirus symptoms, while the clinical conditions are missing.",
            "cite_spans": [],
            "ref_spans": [],
            "section": "Data Limitations"
        },
        {
            "text": "Thirdly, further data related to demographic characteristics and other potential predisposing or risk factors are not available, and this impedes a holistic approach and examination beyond the medical image.",
            "cite_spans": [],
            "ref_spans": [],
            "section": "Data Limitations"
        },
        {
            "text": "There are currently major techniques that successfully employ CNNs to medical image classification, by extracting features, as follows: a) training the CNN from scratch, b) employing a pre-trained CNN, which is called Transfer Learning [12] , and c) a hybrid method, which also a Transfer Learning method, and adopts the former strategies by tuning the trainability of specific layers of the CNN; this method is called Fine-Tuning [13] .",
            "cite_spans": [
                {
                    "start": 236,
                    "end": 240,
                    "text": "[12]",
                    "ref_id": "BIBREF11"
                },
                {
                    "start": 431,
                    "end": 435,
                    "text": "[13]",
                    "ref_id": "BIBREF12"
                }
            ],
            "ref_spans": [],
            "section": "Learning Strategies for Feature Extraction"
        },
        {
            "text": "The first strategy may be adopted either by developing a novel CNN architecture, or by employing the architecture of a successful CNN. In this study, we employ a stateof-the-art CNN architecture, to follow each of the strategies.",
            "cite_spans": [],
            "ref_spans": [],
            "section": "Learning Strategies for Feature Extraction"
        },
        {
            "text": "The second and the third strategy are means of Transfer Learning. Transfer learning is a machine learning method wherein a model developed for a specific task is reused for another task. There are two categories to perform the Transfer Learning, i.e. the ofthe-self feature extraction and Fine-Tuning.",
            "cite_spans": [],
            "ref_spans": [],
            "section": "Learning Strategies for Feature Extraction"
        },
        {
            "text": "The off-the-self strategy is an approach utilizing the weights of the Convolutional layers, which are defined from the source task (the initial training of another domain) without re-training the network [14] . Extracting such features is usually fast and this approach requires only the addition of a classifier to perform the classification of those features with respect to their significance in the particular task.",
            "cite_spans": [
                {
                    "start": 204,
                    "end": 208,
                    "text": "[14]",
                    "ref_id": "BIBREF13"
                }
            ],
            "ref_spans": [],
            "section": "Learning Strategies for Feature Extraction"
        },
        {
            "text": "The Fine-Tuning strategy involves utilizing a network initialized with pre-trained weights and partially re-training it on the target task. In the context of deep learning, fine-tuning a deep network is a common strategy to learn both task-specific deep features, and retain the methodology to extract global features met in every image, such as shapes. Usually, the Fine-Tuning strategy allows more trainable weights at the top of the network (i.e., the final steps), due to the fact that those convolutional layers extract more abstract and high-level information, compared to the first layers wherein local features are learned. In the particular experiment, we gradually allow more layers to be trainable, by defining 6 experimental cases, referred to as Fine-Tuning (e.g., 11), where the number in the parenthesis corresponds to the number of trainable convolutional blocks.",
            "cite_spans": [],
            "ref_spans": [],
            "section": "Learning Strategies for Feature Extraction"
        },
        {
            "text": "Method for the extraction of possibly significant biomarkers",
            "cite_spans": [],
            "ref_spans": [],
            "section": "2.3"
        },
        {
            "text": "The state-of-the-art CNN called Mobile Net",
            "cite_spans": [],
            "ref_spans": [],
            "section": "2.3.1"
        },
        {
            "text": "For the classification task, the state-of-the-art CNN called Mobile Net [15] was employed. Mobile Net has been recently utilized for the same classification task by Apostolopoulos [13] . In their work, the authors demonstrated the superiority of Mobile Net in reducing the False Negatives for the detection of COVID-19, compared to other famous CNNs. Besides, this CNN introduces a fewer number of parameters compared to other CNNs, which makes it appropriate for swift training.",
            "cite_spans": [
                {
                    "start": 72,
                    "end": 76,
                    "text": "[15]",
                    "ref_id": "BIBREF14"
                },
                {
                    "start": 180,
                    "end": 184,
                    "text": "[13]",
                    "ref_id": "BIBREF12"
                }
            ],
            "ref_spans": [],
            "section": "2.3.1"
        },
        {
            "text": "The MobileNet [15] model is based on depthwise separable convolutions [16] , which is a form of convolutions transforming a conventional convolution into a depthwise convolution [16] and a 1x1 convolution, which is commonly known pointwise convolution [16] . This procedure reduces the number of parameters drastically.",
            "cite_spans": [
                {
                    "start": 14,
                    "end": 18,
                    "text": "[15]",
                    "ref_id": "BIBREF14"
                },
                {
                    "start": 70,
                    "end": 74,
                    "text": "[16]",
                    "ref_id": "BIBREF15"
                },
                {
                    "start": 178,
                    "end": 182,
                    "text": "[16]",
                    "ref_id": "BIBREF15"
                },
                {
                    "start": 252,
                    "end": 256,
                    "text": "[16]",
                    "ref_id": "BIBREF15"
                }
            ],
            "ref_spans": [],
            "section": "2.3.1"
        },
        {
            "text": "To the top of the Mobile Net v2, a Global Average Pooling [17] layer was added, which drastically reduces the issue of overfitting [18] . The extracted image features are inserted into a Neural Network of 2500 nodes to distinguish between the irrelevant and the significant ones. To further aid to the overfitting reduction, the weights of each feature are normalized utilizing a Batch Normalization layer [19] , while we independently zero out the 50% of the outputs of neurons at random, via a Dropout layer [20] . An overview of the method is illustrated in Figure 1 .",
            "cite_spans": [
                {
                    "start": 58,
                    "end": 62,
                    "text": "[17]",
                    "ref_id": "BIBREF16"
                },
                {
                    "start": 131,
                    "end": 135,
                    "text": "[18]",
                    "ref_id": "BIBREF17"
                },
                {
                    "start": 406,
                    "end": 410,
                    "text": "[19]",
                    "ref_id": "BIBREF18"
                },
                {
                    "start": 510,
                    "end": 514,
                    "text": "[20]",
                    "ref_id": "BIBREF19"
                }
            ],
            "ref_spans": [
                {
                    "start": 561,
                    "end": 569,
                    "text": "Figure 1",
                    "ref_id": "FIGREF0"
                }
            ],
            "section": "2.3.1"
        },
        {
            "text": "The intention of the particular study is not only to achieve a high classification accuracy but to achieve this by training the CNN from scratch. This strategy is preferable to transfer learning to evaluate the significance of the features extracted from the precise images, while not depending on features already learned by the pre-trained model, the initial training of which was performed utilizing non-medical images.",
            "cite_spans": [],
            "ref_spans": [],
            "section": "2.3.1"
        },
        {
            "text": "Based on the results, the extracted features may be evaluated to conclude that they may constitute real biomarkers related to various diseases. ",
            "cite_spans": [],
            "ref_spans": [],
            "section": "2.3.1"
        },
        {
            "text": "We performed a set of three different experiments employing the same CNN (Mobile Net v2) but altering the learning strategy. The following strategies are evaluated: a) Transfer Learning with of-the-self features, b) Transfer Learning with Fine-Tuning, and c) Training from scratch, which, in this experiment, is a latent form of the Transfer Learning, since we only borrow the architecture of the Mobile Net and not the learned parameters. The experiments were performed utilizing a single GPU setup (NVIDIA GeForce RTX 2060 Super) using the Keras library [21] and TensorFlow [22] as backend.",
            "cite_spans": [
                {
                    "start": 556,
                    "end": 560,
                    "text": "[21]",
                    "ref_id": "BIBREF20"
                }
            ],
            "ref_spans": [],
            "section": "Experiment Setup"
        },
        {
            "text": "The training and evaluation procedure was performed with 10-fold-crossvalidation. During this procedure, the dataset is randomly split to ten folds, nine of which are utilized for training the model, and the remaining fold is hidden and used to test the performance and the confidence of the predictions after the training. This process is repeated in a way that every fold is utilized as the test set. This increases the computational cost but enhances the significance of the result. The final accuracy is obtained by calculating the mean accuracy derived from each testing fold.",
            "cite_spans": [],
            "ref_spans": [],
            "section": "Experiment Setup"
        },
        {
            "text": "The metrics, based upon which the evaluation of the performance is made, are the overall 7-class accuracy, and the accuracy corresponding to the 2-class classification (COVID-19 vs. non-COVID- 19) .",
            "cite_spans": [
                {
                    "start": 193,
                    "end": 196,
                    "text": "19)",
                    "ref_id": "BIBREF18"
                }
            ],
            "ref_spans": [],
            "section": "Metrics"
        },
        {
            "text": "Besides, to focus on the performance of COVID-19 detection, the following values are recorded: a) Correctly predicted COVID-19 cases (True Positives), b) Correctly predicted non-COVID-19 cases (True Negatives), c) Incorrectly predicted COVID-19 cases (False Positives), and d) Incorrectly predicted non-COVID-19 cases (False Negatives). Based on those values, the Sensitivity and Specificity of the test are calculated by the following equations:",
            "cite_spans": [],
            "ref_spans": [],
            "section": "Metrics"
        },
        {
            "text": "For the particular experiments and given that there is a class imbalance issue, the most reliable metric is that of the 7-class accuracy, while given that this accuracy is high, the second most vital metric is that of Specificity. This is due to the importance of correctly identifying the actual non-COVID-19 cases (True Negatives).",
            "cite_spans": [],
            "ref_spans": [],
            "section": "Metrics"
        },
        {
            "text": "In this section, the results for the different experiment setups are presented. Based on those results, the optimal strategy is selected, and assumptions are made regarding its effectiveness.",
            "cite_spans": [],
            "ref_spans": [],
            "section": "Results"
        },
        {
            "text": "In Table 1 , the accuracy, sensitivity, and Specificity of the first strategy are given. The reader should recall that the 2-class accuracy refers to the case where the labels are \"COVID-19\" and \"Non-COVID-19\". Besides, the sensitivity and the Specificity refer to the 2-class measurement. Table 1 . Accuracy, Sensitivity, and Specificity for the Of-the-Self-features strategy ",
            "cite_spans": [],
            "ref_spans": [
                {
                    "start": 3,
                    "end": 10,
                    "text": "Table 1",
                    "ref_id": null
                },
                {
                    "start": 290,
                    "end": 297,
                    "text": "Table 1",
                    "ref_id": null
                }
            ],
            "section": "Results of the Of-the-Self-features strategy"
        },
        {
            "text": "Of-the-self-features 88.81 51.98 04.62 -Due to the class imbalance, the metric of Specificity was approaching 100% and was not mentioned in Table 1 , as it is not a meaningful measurement when reaching those values. The same issue is valid for the 2-class accuracy but was mentioned in Table 1 for comparisons. The confusion matrix for each class is presented in Table 2 . Table 2 . Confusion Matrix for the 7-class classification employing transfer learning with of-the-self features Covid19  21  0  1  1  0  1  0  Edema  270  254  210  199  155  171  136  Effusion  4  5  24  4  6  0  1  Emphys.  15  16  34  49  31  4  7  Fibrosis  46  17  35  50  78  3  18  Pneumonia  91  1  3  4  2  712  287  Normal  8  0  4  8  8  19  892 The confusion matrix corresponding to the COVID-19 class vs. all the classes is presented in Table 3 . Table 3 . Confusion Matrix for the 2-class classification employing transfer learning with of-the-self features Actual Class",
            "cite_spans": [],
            "ref_spans": [
                {
                    "start": 140,
                    "end": 147,
                    "text": "Table 1",
                    "ref_id": null
                },
                {
                    "start": 286,
                    "end": 293,
                    "text": "Table 1",
                    "ref_id": null
                },
                {
                    "start": 363,
                    "end": 370,
                    "text": "Table 2",
                    "ref_id": null
                },
                {
                    "start": 373,
                    "end": 380,
                    "text": "Table 2",
                    "ref_id": null
                },
                {
                    "start": 485,
                    "end": 729,
                    "text": "Covid19  21  0  1  1  0  1  0  Edema  270  254  210  199  155  171  136  Effusion  4  5  24  4  6  0  1  Emphys.  15  16  34  49  31  4  7  Fibrosis  46  17  35  50  78  3  18  Pneumonia  91  1  3  4  2  712  287  Normal  8  0  4  8  8  19  892",
                    "ref_id": "TABREF0"
                },
                {
                    "start": 823,
                    "end": 830,
                    "text": "Table 3",
                    "ref_id": null
                },
                {
                    "start": 833,
                    "end": 840,
                    "text": "Table 3",
                    "ref_id": null
                }
            ],
            "section": "Specificity (%)"
        },
        {
            "text": "Predicted COVID-19 21 3 Predicted Non-COVID- 19 434 3447",
            "cite_spans": [
                {
                    "start": 19,
                    "end": 21,
                    "text": "21",
                    "ref_id": "BIBREF20"
                },
                {
                    "start": 45,
                    "end": 47,
                    "text": "19",
                    "ref_id": "BIBREF18"
                }
            ],
            "ref_spans": [],
            "section": "COVID-19 Non-COVID-19"
        },
        {
            "text": "Based on the results, it is confirmed that the particular strategy is not effective in extracting useful features to distinguish possible underlying information from the X-Rays related to the COVID-19 disease. Besides, a bias towards the non-COVID-19 cases is observed in Table 3 , which makes the strategy not appropriate for the particular task.",
            "cite_spans": [],
            "ref_spans": [
                {
                    "start": 272,
                    "end": 279,
                    "text": "Table 3",
                    "ref_id": null
                }
            ],
            "section": "COVID-19 Non-COVID-19"
        },
        {
            "text": "In Table 4 , the accuracy, the Sensitivity, and the Specificity of the second strategy are given. The reader should recall that several adjustments for fine-tuning are tested in the particular section, which are discussed in Section 2.2. The number defining each experimental case, refers to the number of blocks made trainable during the experiment, e.g., \"Fine-Tuning 3\" corresponds to 3 trainable blocks starting from the top of the CNN. The reader should also recall that the values for the accuracy are the mean values of the accuracies obtained at each fold from the 10-fold-cross-validation procedure. As it is observed in Table 4 , the strategy of fine-tuning obtains different results. This is explained by the fact that we gradually allow more layers to be trainable, thus approaching close to the strategy of training from scratch, which obtains the best results, as it is presented in Section 3.3. Hence, the confusion matrixes are not provided due to insignificance and limitations of space.",
            "cite_spans": [],
            "ref_spans": [
                {
                    "start": 3,
                    "end": 10,
                    "text": "Table 4",
                    "ref_id": "TABREF0"
                },
                {
                    "start": 630,
                    "end": 637,
                    "text": "Table 4",
                    "ref_id": "TABREF0"
                }
            ],
            "section": "Results of the Fine-Tuning strategy"
        },
        {
            "text": "In Table 5 , the accuracy, Sensitivity, and Specificity of the specific strategy are presented. In Table 5 , it is observed that training from scratch outperforms the other strategies in terms of every metric, obtaining a remarkable 2-class accuracy of 99.18% and a high 7-class accuracy of 86.66%. The reader should recall that 2-class accuracy refers to the effectiveness of distinguishing the COVID-19 cases from every other case, including both abnormal and normal cases. In Table 6 , the confusion matrix for the 7-class task is presented. Several outcomes are to be highlighted in Table 6 . Firstly, out of 455 COVID-19 cases, 443 cases were correctly identified, while only 2 cases were mistakenly classified as normal. Secondly, out of the 1341 normal cases, only 1 case was mistakenly identified. For the rest of the pulmonary abnormalities, there is a diversity, which may derive from the fact that the different pathogens embody seals that are difficult to distinguish from the X-Rays and confuse the CNN.",
            "cite_spans": [],
            "ref_spans": [
                {
                    "start": 3,
                    "end": 10,
                    "text": "Table 5",
                    "ref_id": "TABREF1"
                },
                {
                    "start": 99,
                    "end": 106,
                    "text": "Table 5",
                    "ref_id": "TABREF1"
                },
                {
                    "start": 479,
                    "end": 486,
                    "text": "Table 6",
                    "ref_id": "TABREF2"
                },
                {
                    "start": 587,
                    "end": 594,
                    "text": "Table 6",
                    "ref_id": "TABREF2"
                }
            ],
            "section": "Results of the Training-from-scratch strategy"
        },
        {
            "text": "The confusion matrix corresponding to the COVID-19 class vs. all the classes is presented in Table 7 . 19 12 3430",
            "cite_spans": [
                {
                    "start": 103,
                    "end": 105,
                    "text": "19",
                    "ref_id": "BIBREF18"
                }
            ],
            "ref_spans": [
                {
                    "start": 93,
                    "end": 100,
                    "text": "Table 7",
                    "ref_id": "TABREF3"
                }
            ],
            "section": "Results of the Training-from-scratch strategy"
        },
        {
            "text": "The classification obtains an excellent trade-off between the corresponding True Positives, False Positives, True Negatives, and False Negatives.",
            "cite_spans": [],
            "ref_spans": [],
            "section": "Results of the Training-from-scratch strategy"
        },
        {
            "text": "The particular research focuses on discovering possible biomarkers from X-Ray images. These biomarkers may be significantly related to the COVID-19 disease.",
            "cite_spans": [],
            "ref_spans": [],
            "section": "Discussion"
        },
        {
            "text": "While Deep Learning extracts a massive amount of high-dimensional features from images, it is possible that some of those features behave as actual biomarkers. The reader may be confused by the difference between a feature and a biomarker. Therefore we briefly describe the difference between them. A feature is a specific characteristic of an image, either well-defined in the literature or yet to be defined as to its importance. With Deep Learning, it is possible to extract millions of related features. The extracted features' importance to the specific task is questionable. The majority of those features may be irrelevant to the desired outcome, or the desired subject of study and are rejected by the automatic classification performed after the convolutional layers of a CNN. The biomarkers are quantitative markers of confirmed significance and are not limited to the image features [23] . Generally, the ability of Deep Learning for biomarker extraction is questionable due to the issue of the interpretability.",
            "cite_spans": [
                {
                    "start": 894,
                    "end": 898,
                    "text": "[23]",
                    "ref_id": "BIBREF21"
                }
            ],
            "ref_spans": [],
            "section": "Discussion"
        },
        {
            "text": "This study suggests that it may be possible to discover new reliable biomarkers from X-Ray images due to the fact that a high classification accuracy was achieved. Since the CNNs and the Neural Networks lay on the evaluation of millions of parameters to classify the significant features, some of those features may actually be biomarkers leading to a reliable result. This horizon in to be investigated in future research, possibly exploring other approaches, such as Radiomics [24] .",
            "cite_spans": [
                {
                    "start": 479,
                    "end": 483,
                    "text": "[24]",
                    "ref_id": "BIBREF22"
                }
            ],
            "ref_spans": [],
            "section": "Discussion"
        },
        {
            "text": "\u039fne factor that underpins the conclusion mentioned above is the comparison between the various image feature mining strategies. In particular, it is demonstrated that those strategies do not mine the same features. This can be easily interpreted, since with strategies of Transfer Learning with of-the-self-features and Transfer Learning with fine-tuning, the ability of the CNN to extract significant features depends on factors related to the initial training. The initial training was mandatory to be performed on images of a completely different nature due to the absence of large-scale data. However, despite the fact that the latter strategies have excellent performances in other medical image classification tasks [12] , [25] , in the particular experiment, they were underperforming. This may suggest that with the training from scratch, essential features related to the pulmonary abnormalities have been mined, which may constitute relevant Biomarkers.",
            "cite_spans": [
                {
                    "start": 722,
                    "end": 726,
                    "text": "[12]",
                    "ref_id": "BIBREF11"
                },
                {
                    "start": 729,
                    "end": 733,
                    "text": "[25]",
                    "ref_id": "BIBREF23"
                }
            ],
            "ref_spans": [],
            "section": "Discussion"
        },
        {
            "text": "In future studies, some issues of the present study can be circumvented. A more indepth analysis, in particular, requires much more patient data, particularly those suffering from COVID-19.",
            "cite_spans": [],
            "ref_spans": [],
            "section": "Discussion"
        },
        {
            "text": "A more promising approach for future studies would concentrate on identifying patients infected by COVID-19, but showing mild symptoms, although those symptoms may not be visualized correctly on x-rays, or may not be visualized at all.",
            "cite_spans": [],
            "ref_spans": [],
            "section": "Discussion"
        },
        {
            "text": "It is of vital importance to establish models capable of distinguishing between a more significant number of pulmonary diseases, possibly including that of SARS. Also, despite the fact that the appropriate treatment is not determined solely from an X-Ray image [26] , an initial screening of the cases would be useful, not in the type of treatment, but in the timely application of quarantine measures in the positive samples, until a complete examination and specific treatment or follow-up procedure are followed.",
            "cite_spans": [
                {
                    "start": 261,
                    "end": 265,
                    "text": "[26]",
                    "ref_id": "BIBREF24"
                }
            ],
            "ref_spans": [],
            "section": "Discussion"
        },
        {
            "text": "The contribution of this work is two-fold. Firstly, low-cost, rapid, and automatic detection of the COVID-19 disease was achieved, utilizing a significantly large sample of several pulmonary infections. Secondly, the study suggests that future research should be conducted to investigate the possible behavior of the extracted feature as Biomarkers since there is sufficient evidence, based on the particular results. Besides, the advantage of automatic detection of COVID-19 from either medical image lies in the reduction of exposure of nursing and medical staff to the outbreak.",
            "cite_spans": [],
            "ref_spans": [],
            "section": "Conclusion"
        }
    ],
    "bib_entries": {
        "BIBREF0": {
            "ref_id": "b0",
            "title": "Automatic Detection of Coronavirus Disease (COVID-19) Using X-ray Images and Deep Convolutional Neural Networks",
            "authors": [
                {
                    "first": "A",
                    "middle": [],
                    "last": "Narin",
                    "suffix": ""
                },
                {
                    "first": "C",
                    "middle": [],
                    "last": "Kaya",
                    "suffix": ""
                },
                {
                    "first": "Z",
                    "middle": [],
                    "last": "Pamuk",
                    "suffix": ""
                }
            ],
            "year": 2020,
            "venue": "",
            "volume": "",
            "issn": "",
            "pages": "",
            "other_ids": {
                "arXiv": [
                    "arXiv:2003.10849"
                ]
            }
        },
        "BIBREF1": {
            "ref_id": "b1",
            "title": "Detection of coronavirus Disease (COVID-19) based on Deep Features",
            "authors": [
                {
                    "first": "P",
                    "middle": [
                        "K"
                    ],
                    "last": "Sethy",
                    "suffix": ""
                },
                {
                    "first": "S",
                    "middle": [
                        "K"
                    ],
                    "last": "Behera",
                    "suffix": ""
                }
            ],
            "year": 2020,
            "venue": "",
            "volume": "",
            "issn": "",
            "pages": "",
            "other_ids": {}
        },
        "BIBREF2": {
            "ref_id": "b2",
            "title": "Covid-19: Automatic detection from X-Ray images utilizing Transfer Learning with",
            "authors": [
                {
                    "first": "I",
                    "middle": [
                        "D"
                    ],
                    "last": "Apostolopoulos",
                    "suffix": ""
                },
                {
                    "first": "T",
                    "middle": [],
                    "last": "Bessiana",
                    "suffix": ""
                }
            ],
            "year": 2020,
            "venue": "Convolutional Neural Networks",
            "volume": "",
            "issn": "",
            "pages": "",
            "other_ids": {
                "arXiv": [
                    "arXiv:2003.11617"
                ]
            }
        },
        "BIBREF3": {
            "ref_id": "b3",
            "title": "Guest editorial deep learning in medical imaging: Overview and future promise of an exciting new technique",
            "authors": [
                {
                    "first": "H",
                    "middle": [],
                    "last": "Greenspan",
                    "suffix": ""
                },
                {
                    "first": "B",
                    "middle": [],
                    "last": "Van Ginneken",
                    "suffix": ""
                },
                {
                    "first": "R",
                    "middle": [
                        "M"
                    ],
                    "last": "Summers",
                    "suffix": ""
                }
            ],
            "year": 2016,
            "venue": "IEEE Transactions on Medical Imaging",
            "volume": "35",
            "issn": "5",
            "pages": "1153--1159",
            "other_ids": {}
        },
        "BIBREF4": {
            "ref_id": "b4",
            "title": "Deep learning",
            "authors": [
                {
                    "first": "I",
                    "middle": [],
                    "last": "Goodfellow",
                    "suffix": ""
                },
                {
                    "first": "Y",
                    "middle": [],
                    "last": "Bengio",
                    "suffix": ""
                },
                {
                    "first": "A",
                    "middle": [],
                    "last": "Courville",
                    "suffix": ""
                }
            ],
            "year": 2016,
            "venue": "",
            "volume": "",
            "issn": "",
            "pages": "",
            "other_ids": {}
        },
        "BIBREF5": {
            "ref_id": "b5",
            "title": "Visual interpretability for deep learning: a survey",
            "authors": [
                {
                    "first": "Q",
                    "middle": [],
                    "last": "Zhang",
                    "suffix": ""
                },
                {
                    "first": "S.-C",
                    "middle": [],
                    "last": "Zhu",
                    "suffix": ""
                }
            ],
            "year": 2018,
            "venue": "Frontiers of Information Technology & Electronic Engineering",
            "volume": "19",
            "issn": "1",
            "pages": "27--39",
            "other_ids": {}
        },
        "BIBREF6": {
            "ref_id": "b6",
            "title": "COVID-19 image data collection",
            "authors": [
                {
                    "first": "J",
                    "middle": [
                        "P"
                    ],
                    "last": "Cohen",
                    "suffix": ""
                }
            ],
            "year": 2020,
            "venue": "",
            "volume": "",
            "issn": "",
            "pages": "",
            "other_ids": {}
        },
        "BIBREF7": {
            "ref_id": "b7",
            "title": "COVID-19 Database",
            "authors": [],
            "year": 2020,
            "venue": "",
            "volume": "",
            "issn": "",
            "pages": "",
            "other_ids": {}
        },
        "BIBREF8": {
            "ref_id": "b8",
            "title": "Identifying Medical Diagnoses and Treatable Diseases by Image-Based Deep Learning",
            "authors": [
                {
                    "first": "D",
                    "middle": [
                        "S"
                    ],
                    "last": "Kermany",
                    "suffix": ""
                },
                {
                    "first": "M",
                    "middle": [],
                    "last": "Goldbaum",
                    "suffix": ""
                },
                {
                    "first": "W",
                    "middle": [],
                    "last": "Cai",
                    "suffix": ""
                },
                {
                    "first": "C",
                    "middle": [
                        "C S"
                    ],
                    "last": "Valentim",
                    "suffix": ""
                },
                {
                    "first": "H",
                    "middle": [],
                    "last": "Liang",
                    "suffix": ""
                },
                {
                    "first": "S",
                    "middle": [
                        "L"
                    ],
                    "last": "Baxter",
                    "suffix": ""
                },
                {
                    "first": "K",
                    "middle": [],
                    "last": "Zhang",
                    "suffix": ""
                }
            ],
            "year": 2018,
            "venue": "Cell",
            "volume": "172",
            "issn": "5",
            "pages": "1122--1131",
            "other_ids": {
                "DOI": [
                    "10.1016/j.cell.2018.02.010"
                ]
            }
        },
        "BIBREF9": {
            "ref_id": "b9",
            "title": "Chestx-ray8: Hospital-scale chest x-ray database and benchmarks on weaklysupervised classification and localization of common thorax diseases",
            "authors": [
                {
                    "first": "X",
                    "middle": [],
                    "last": "Wang",
                    "suffix": ""
                },
                {
                    "first": "Y",
                    "middle": [],
                    "last": "Peng",
                    "suffix": ""
                },
                {
                    "first": "L",
                    "middle": [],
                    "last": "Lu",
                    "suffix": ""
                },
                {
                    "first": "Z",
                    "middle": [],
                    "last": "Lu",
                    "suffix": ""
                },
                {
                    "first": "M",
                    "middle": [],
                    "last": "Bagheri",
                    "suffix": ""
                },
                {
                    "first": "R",
                    "middle": [
                        "M"
                    ],
                    "last": "Summers",
                    "suffix": ""
                }
            ],
            "year": 2017,
            "venue": "Proceedings of the IEEE conference on computer vision and pattern recognition",
            "volume": "",
            "issn": "",
            "pages": "2097--2106",
            "other_ids": {}
        },
        "BIBREF10": {
            "ref_id": "b10",
            "title": "The effectiveness of data augmentation in image classification using deep learning",
            "authors": [
                {
                    "first": "J",
                    "middle": [],
                    "last": "Wang",
                    "suffix": ""
                },
                {
                    "first": "L",
                    "middle": [],
                    "last": "Perez",
                    "suffix": ""
                }
            ],
            "year": 2017,
            "venue": "Convolutional Neural Networks Vis. Recognit",
            "volume": "",
            "issn": "",
            "pages": "",
            "other_ids": {}
        },
        "BIBREF11": {
            "ref_id": "b11",
            "title": "Deep convolutional neural networks for computer-aided detection: CNN architectures, dataset characteristics and transfer learning",
            "authors": [
                {
                    "first": "H.-C",
                    "middle": [],
                    "last": "Shin",
                    "suffix": ""
                },
                {
                    "first": "H",
                    "middle": [
                        "R"
                    ],
                    "last": "Roth",
                    "suffix": ""
                },
                {
                    "first": "M",
                    "middle": [],
                    "last": "Gao",
                    "suffix": ""
                },
                {
                    "first": "L",
                    "middle": [],
                    "last": "Lu",
                    "suffix": ""
                },
                {
                    "first": "Z",
                    "middle": [],
                    "last": "Xu",
                    "suffix": ""
                },
                {
                    "first": "I",
                    "middle": [],
                    "last": "Nogues",
                    "suffix": ""
                },
                {
                    "first": "R",
                    "middle": [
                        "M"
                    ],
                    "last": "Summers",
                    "suffix": ""
                }
            ],
            "year": 2016,
            "venue": "IEEE transactions on medical imaging",
            "volume": "35",
            "issn": "5",
            "pages": "1285--1298",
            "other_ids": {}
        },
        "BIBREF12": {
            "ref_id": "b12",
            "title": "Interactive medical image segmentation using deep learning with image-specific fine tuning",
            "authors": [
                {
                    "first": "G",
                    "middle": [],
                    "last": "Wang",
                    "suffix": ""
                },
                {
                    "first": "W",
                    "middle": [],
                    "last": "Li",
                    "suffix": ""
                },
                {
                    "first": "M",
                    "middle": [
                        "A"
                    ],
                    "last": "Zuluaga",
                    "suffix": ""
                },
                {
                    "first": "R",
                    "middle": [],
                    "last": "Pratt",
                    "suffix": ""
                },
                {
                    "first": "P",
                    "middle": [
                        "A"
                    ],
                    "last": "Patel",
                    "suffix": ""
                },
                {
                    "first": "M",
                    "middle": [],
                    "last": "Aertsen",
                    "suffix": ""
                }
            ],
            "year": 2018,
            "venue": "IEEE transactions on medical imaging",
            "volume": "37",
            "issn": "7",
            "pages": "1562--1573",
            "other_ids": {}
        },
        "BIBREF13": {
            "ref_id": "b13",
            "title": "Glioma Grading on Conventional MR Images: A Deep Learning Study With Transfer Learning",
            "authors": [
                {
                    "first": "Y",
                    "middle": [],
                    "last": "Yang",
                    "suffix": ""
                },
                {
                    "first": "L.-F",
                    "middle": [],
                    "last": "Yan",
                    "suffix": ""
                },
                {
                    "first": "X",
                    "middle": [],
                    "last": "Zhang",
                    "suffix": ""
                },
                {
                    "first": "Y",
                    "middle": [],
                    "last": "Han",
                    "suffix": ""
                },
                {
                    "first": "H.-Y",
                    "middle": [],
                    "last": "Nan",
                    "suffix": ""
                },
                {
                    "first": "Y.-C",
                    "middle": [],
                    "last": "Hu",
                    "suffix": ""
                },
                {
                    "first": "W",
                    "middle": [],
                    "last": "Wang",
                    "suffix": ""
                }
            ],
            "year": 2018,
            "venue": "Frontiers in Neuroscience",
            "volume": "12",
            "issn": "",
            "pages": "",
            "other_ids": {
                "DOI": [
                    "10.3389/fnins.2018.00804"
                ]
            }
        },
        "BIBREF14": {
            "ref_id": "b14",
            "title": "MobileNets: Efficient Convolutional Neural Networks for Mobile Vision Applications",
            "authors": [
                {
                    "first": "A",
                    "middle": [
                        "G"
                    ],
                    "last": "Howard",
                    "suffix": ""
                },
                {
                    "first": "M",
                    "middle": [],
                    "last": "Zhu",
                    "suffix": ""
                },
                {
                    "first": "B",
                    "middle": [],
                    "last": "Chen",
                    "suffix": ""
                },
                {
                    "first": "D",
                    "middle": [],
                    "last": "Kalenichenko",
                    "suffix": ""
                },
                {
                    "first": "W",
                    "middle": [],
                    "last": "Wang",
                    "suffix": ""
                },
                {
                    "first": "T",
                    "middle": [],
                    "last": "Weyand",
                    "suffix": ""
                },
                {
                    "first": "H",
                    "middle": [],
                    "last": "Adam",
                    "suffix": ""
                }
            ],
            "year": 2017,
            "venue": "",
            "volume": "",
            "issn": "",
            "pages": "",
            "other_ids": {
                "arXiv": [
                    "arXiv:1704.04861"
                ]
            }
        },
        "BIBREF15": {
            "ref_id": "b15",
            "title": "Xception: Deep learning with depthwise separable convolutions",
            "authors": [
                {
                    "first": "F",
                    "middle": [],
                    "last": "Chollet",
                    "suffix": ""
                }
            ],
            "year": 2017,
            "venue": "Proceedings of the IEEE conference on computer vision and pattern recognition",
            "volume": "",
            "issn": "",
            "pages": "1251--1258",
            "other_ids": {}
        },
        "BIBREF16": {
            "ref_id": "b16",
            "title": "Inception-v4, inception-resnet and the impact of residual connections on learning",
            "authors": [
                {
                    "first": "C",
                    "middle": [],
                    "last": "Szegedy",
                    "suffix": ""
                },
                {
                    "first": "S",
                    "middle": [],
                    "last": "Ioffe",
                    "suffix": ""
                },
                {
                    "first": "V",
                    "middle": [],
                    "last": "Vanhoucke",
                    "suffix": ""
                },
                {
                    "first": "A",
                    "middle": [
                        "A"
                    ],
                    "last": "Alemi",
                    "suffix": ""
                }
            ],
            "year": 2017,
            "venue": "Thirtyfirst AAAI conference on artificial intelligence",
            "volume": "",
            "issn": "",
            "pages": "",
            "other_ids": {}
        },
        "BIBREF17": {
            "ref_id": "b17",
            "title": "Overfitting and use of mismatched cohorts in deep learning models: preventable design limitations",
            "authors": [
                {
                    "first": "S",
                    "middle": [
                        "R"
                    ],
                    "last": "Mummadi",
                    "suffix": ""
                },
                {
                    "first": "A",
                    "middle": [],
                    "last": "Al-Zubaidi",
                    "suffix": ""
                },
                {
                    "first": "P",
                    "middle": [
                        "Y"
                    ],
                    "last": "Hahn",
                    "suffix": ""
                }
            ],
            "year": 2018,
            "venue": "American journal of respiratory and critical care medicine",
            "volume": "198",
            "issn": "4",
            "pages": "544--545",
            "other_ids": {}
        },
        "BIBREF18": {
            "ref_id": "b18",
            "title": "How does batch normalization help optimization?",
            "authors": [
                {
                    "first": "S",
                    "middle": [],
                    "last": "Santurkar",
                    "suffix": ""
                },
                {
                    "first": "D",
                    "middle": [],
                    "last": "Tsipras",
                    "suffix": ""
                },
                {
                    "first": "A",
                    "middle": [],
                    "last": "Ilyas",
                    "suffix": ""
                },
                {
                    "first": "A",
                    "middle": [],
                    "last": "Madry",
                    "suffix": ""
                }
            ],
            "year": 2018,
            "venue": "Advances in Neural Information Processing Systems",
            "volume": "",
            "issn": "",
            "pages": "2483--2493",
            "other_ids": {}
        },
        "BIBREF19": {
            "ref_id": "b19",
            "title": "A theoretically grounded application of dropout in recurrent neural networks",
            "authors": [
                {
                    "first": "Y",
                    "middle": [],
                    "last": "Gal",
                    "suffix": ""
                },
                {
                    "first": "Z",
                    "middle": [],
                    "last": "Ghahramani",
                    "suffix": ""
                }
            ],
            "year": 2016,
            "venue": "Advances in neural information processing systems",
            "volume": "",
            "issn": "",
            "pages": "1019--1027",
            "other_ids": {}
        },
        "BIBREF20": {
            "ref_id": "b20",
            "title": "TensorFlow: Large-Scale Machine Learning on Heterogeneous Systems",
            "authors": [
                {
                    "first": "F",
                    "middle": [],
                    "last": "Chollet",
                    "suffix": ""
                }
            ],
            "year": 2015,
            "venue": "",
            "volume": "",
            "issn": "",
            "pages": "",
            "other_ids": {}
        },
        "BIBREF21": {
            "ref_id": "b21",
            "title": "What are biomarkers?",
            "authors": [
                {
                    "first": "K",
                    "middle": [],
                    "last": "Strimbu",
                    "suffix": ""
                },
                {
                    "first": "J",
                    "middle": [
                        "A"
                    ],
                    "last": "Tavel",
                    "suffix": ""
                }
            ],
            "year": 2010,
            "venue": "Current Opinion in HIV and AIDS",
            "volume": "5",
            "issn": "6",
            "pages": "",
            "other_ids": {}
        },
        "BIBREF22": {
            "ref_id": "b22",
            "title": "Radiomics analysis of pulmonary nodules in low-dose CT for early detection of lung cancer",
            "authors": [
                {
                    "first": "W",
                    "middle": [],
                    "last": "Choi",
                    "suffix": ""
                },
                {
                    "first": "J",
                    "middle": [
                        "H"
                    ],
                    "last": "Oh",
                    "suffix": ""
                },
                {
                    "first": "S",
                    "middle": [],
                    "last": "Riyahi",
                    "suffix": ""
                },
                {
                    "first": "C.-J",
                    "middle": [],
                    "last": "Liu",
                    "suffix": ""
                },
                {
                    "first": "F",
                    "middle": [],
                    "last": "Jiang",
                    "suffix": ""
                },
                {
                    "first": "W",
                    "middle": [],
                    "last": "Chen",
                    "suffix": ""
                }
            ],
            "year": 2018,
            "venue": "Medical physics",
            "volume": "45",
            "issn": "4",
            "pages": "1537--1549",
            "other_ids": {}
        },
        "BIBREF23": {
            "ref_id": "b23",
            "title": "Implementing machine learning in radiology practice and research",
            "authors": [
                {
                    "first": "M",
                    "middle": [],
                    "last": "Kohli",
                    "suffix": ""
                },
                {
                    "first": "L",
                    "middle": [
                        "M"
                    ],
                    "last": "Prevedello",
                    "suffix": ""
                },
                {
                    "first": "R",
                    "middle": [
                        "W"
                    ],
                    "last": "Filice",
                    "suffix": ""
                },
                {
                    "first": "J",
                    "middle": [
                        "R"
                    ],
                    "last": "Geis",
                    "suffix": ""
                }
            ],
            "year": 2017,
            "venue": "American journal of roentgenology",
            "volume": "208",
            "issn": "4",
            "pages": "754--760",
            "other_ids": {}
        },
        "BIBREF24": {
            "ref_id": "b24",
            "title": "The COVID-19 epidemic",
            "authors": [
                {
                    "first": "T",
                    "middle": [
                        "P"
                    ],
                    "last": "Velavan",
                    "suffix": ""
                },
                {
                    "first": "C",
                    "middle": [
                        "G"
                    ],
                    "last": "Meyer",
                    "suffix": ""
                }
            ],
            "year": 2020,
            "venue": "Trop Med Int Health",
            "volume": "25",
            "issn": "3",
            "pages": "278--280",
            "other_ids": {}
        }
    },
    "ref_entries": {
        "FIGREF0": {
            "text": "Overview of the feature extraction process",
            "latex": null,
            "type": "figure"
        },
        "TABREF0": {
            "text": "Accuracy, Sensitivity, and Specificity for the different cases of the Fine-Tuning strategy",
            "latex": null,
            "type": "table"
        },
        "TABREF1": {
            "text": "Accuracy, Sensitivity, and Specificity when the training from scratch strategy was followed",
            "latex": null,
            "type": "table"
        },
        "TABREF2": {
            "text": "Confusion Matrix for the 7-class classification employing the strategy of training Mobile Net v2 from scratch",
            "latex": null,
            "type": "table"
        },
        "TABREF3": {
            "text": "Confusion Matrix for the 2-class classification employing the strategy of training Mobile Net v2 from scratch Actual Class COVID-19 Non-COVID-19 Predicted COVID-19 443 20 Predicted Non-COVID-",
            "latex": null,
            "type": "table"
        }
    },
    "back_matter": []
}